method,path,module,group
GET,/api/v1/accounts/form-data,accounts,v1
POST,/api/v1/accounts,accounts,v1
GET,/api/v1/accounts,accounts,v1
GET,/api/v1/accounts/search,accounts,v1
GET,/api/v1/accounts/search-email,accounts,v1
GET,/api/v1/accounts/search-account,accounts,v1
GET,/api/v1/accounts/parent-accounts,accounts,v1
GET,/api/v1/accounts/{account_id},accounts,v1
GET,/api/v1/accounts/{account_id}/address-to-contact,accounts,v1
PUT,/api/v1/accounts/{account_id},accounts,v1
DELETE,/api/v1/accounts/{account_id},accounts,v1
POST,/api/v1/accounts/{account_id}/change-owner,accounts,v1
POST,/api/v1/accounts/single-column,accounts,v1
GET,/api/v1/accounts_extra/create,accounts_extra,v1
GET,/api/v1/accounts_extra/{account_id}/edit,accounts_extra,v1
POST,/api/v1/accounts_extra/import,accounts_extra,v1
GET,/api/v1/accounts_extra/export/{format},accounts_extra,v1
GET,/api/v1/timeline/events,activity_logs,v1
GET,/api/v1/timeline/events,activity_logs,v1
GET,/api/v1/timeline/events/entity/{entity_type}/{entity_id},activity_logs,v1
GET,/api/v1/timeline/events/user/{user_id},activity_logs,v1
GET,/api/v1/timeline/logins,activity_logs,v1
GET,/api/v1/timeline/logins/user/{user_id},activity_logs,v1
GET,/api/v1/admin/company,admin_settings,v1
PUT,/api/v1/admin/company,admin_settings,v1
PUT,/api/v1/admin/company/logo,admin_settings,v1
PUT,/api/v1/admin/company/bank,admin_settings,v1
GET,/api/v1/admin/opp-settings,admin_settings,v1
POST,/api/v1/admin/opp-settings,admin_settings,v1
GET,/api/v1/admin/leaderboard,admin_settings,v1
POST,/api/v1/admin/leaderboard/parameters,admin_settings,v1
POST,/api/v1/admin/leaderboard/accolades,admin_settings,v1
POST,/api/v1/admin/leaderboard/performance,admin_settings,v1
GET,/api/v1/admin/auto-assignment,admin_settings,v1
POST,/api/v1/admin/auto-assignment,admin_settings,v1
GET,/api/v1/admin/auto-assignment/users,admin_settings,v1
POST,/api/v1/admin/auto-assignment/users,admin_settings,v1
PUT,/api/v1/admin/auto-assignment/users/{user_id},admin_settings,v1
DELETE,/api/v1/admin/auto-assignment/users/{user_id},admin_settings,v1
GET,/api/v1/admin/auto-assignment/countries,admin_settings,v1
POST,/api/v1/admin/auto-assignment/countries,admin_settings,v1
PUT,/api/v1/admin/auto-assignment/countries/{country},admin_settings,v1
DELETE,/api/v1/admin/auto-assignment/countries/{country},admin_settings,v1
GET,/api/v1/admin/department-settings,admin_settings,v1
POST,/api/v1/admin/department-settings,admin_settings,v1
GET,/api/v1/admin/department-settings/{department_id}/users,admin_settings,v1
GET,/api/v1/admin/agent-connect,admin_settings,v1
POST,/api/v1/admin/agent-connect,admin_settings,v1
GET,/api/v1/admin/department-incentives,admin_settings,v1
POST,/api/v1/admin/department-incentives/by-month,admin_settings,v1
GET,/api/v1/admin/email-footer/tenant,admin_settings,v1
PUT,/api/v1/admin/email-footer/tenant,admin_settings,v1
GET,/api/v1/admin/email-footer/user,admin_settings,v1
PUT,/api/v1/admin/email-footer/user,admin_settings,v1
POST,/auth/register,auth,v1
POST,/auth/login,auth,v1
POST,/auth/token,auth,v1
POST,/auth/refresh,auth,v1
GET,/auth/me,auth,v1
POST,/auth/change-password,auth,v1
POST,/auth/password-reset,auth,v1
POST,/auth/password-reset/confirm,auth,v1
POST,/auth/logout,auth,v1
GET,/api/v1/billing/plans,billing,v1
POST,/api/v1/billing/plans,billing,v1
PUT,/api/v1/billing/plans/{plan_id},billing,v1
GET,/api/v1/billing/subscription,billing,v1
POST,/api/v1/billing/subscription,billing,v1
DELETE,/api/v1/billing/subscription,billing,v1
GET,/api/v1/billing/invoices,billing,v1
POST,/api/v1/comments/{entity_type}/{entity_id},comments,v1
GET,/api/v1/comments/{entity_type}/{entity_id},comments,v1
PUT,/api/v1/comments/{comment_id},comments,v1
GET,/api/v1/comments/{comment_id}/replies,comments,v1
DELETE,/api/v1/comments/{comment_id},comments,v1
GET,/api/v1/contacts/form-data,contacts,v1
POST,/api/v1/contacts,contacts,v1
GET,/api/v1/contacts,contacts,v1
GET,/api/v1/contacts/search,contacts,v1
GET,/api/v1/contacts/{contact_id},contacts,v1
PUT,/api/v1/contacts/{contact_id},contacts,v1
DELETE,/api/v1/contacts/{contact_id},contacts,v1
POST,/api/v1/contacts/{contact_id}/change-owner,contacts,v1
POST,/api/v1/contacts/{contact_id}/link-account,contacts,v1
DELETE,/api/v1/contacts/{contact_id}/unlink-account,contacts,v1
GET,/api/v1/contacts/create,contacts_extra,v1
GET,/api/v1/contacts/{contact_id}/edit,contacts_extra,v1
POST,/api/v1/contacts/single-column,contacts_extra,v1
POST,/api/v1/contacts/import,contacts_extra,v1
GET,/api/v1/contacts/export/{format},contacts_extra,v1
GET,/api/v1/countries,countries,v1
GET,/api/v1/countries/search,countries,v1
GET,/api/v1/countries/code/{code},countries,v1
GET,/api/v1/countries/{country_id},countries,v1
GET,/api/v1/countries/{country_id}/states,countries,v1
GET,/api/v1/countries/states/search,countries,v1
GET,/api/v1/countries/{country_id}/cities,countries,v1
GET,/api/v1/countries/states/{state_id}/cities,countries,v1
GET,/api/v1/countries/cities/search,countries,v1
GET,/api/v1/countries/cities/popular,countries,v1
GET,/api/v1/custom_fields/{entity_type},custom_fields,v1
GET,/api/v1/custom_fields/{entity_type}/active,custom_fields,v1
GET,/api/v1/custom_fields/{entity_type}/{field_id},custom_fields,v1
POST,/api/v1/custom_fields/{entity_type},custom_fields,v1
PUT,/api/v1/custom_fields/{entity_type}/{field_id},custom_fields,v1
DELETE,/api/v1/custom_fields/{entity_type}/{field_id},custom_fields,v1
POST,/api/v1/custom_fields/{entity_type}/sort,custom_fields,v1
POST,/api/v1/custom_fields/{entity_type}/status,custom_fields,v1
POST,/api/v1/custom_fields/{entity_type}/mandatory,custom_fields,v1
GET,/api/v1/custom_fields/{entity_type}/values/{entity_id},custom_fields,v1
GET,/api/v1/custom_fields/{entity_type}/template-tokens,custom_fields,v1
POST,/api/v1/dashboards/widgets,dashboards,v1
GET,/api/v1/dashboards/widgets,dashboards,v1
GET,/api/v1/dashboards/widgets/{widget_id},dashboards,v1
GET,/api/v1/dashboards/widgets/{widget_id}/data,dashboards,v1
PUT,/api/v1/dashboards/widgets/{widget_id},dashboards,v1
DELETE,/api/v1/dashboards/widgets/{widget_id},dashboards,v1
GET,/api/v1/dashboards/preferences,dashboards,v1
PUT,/api/v1/dashboards/preferences,dashboards,v1
GET,/api/v1/dashboards/default,dashboards,v1
GET,/api/v1/dashboards/stats,dashboards,v1
GET,/api/v1/dashboards/recent-sales,dashboards,v1
GET,/api/v1/dashboards/revenue-chart,dashboards,v1
GET,/api/v1/dashboards/opportunities-by-stage,dashboards,v1
GET,/api/v1/dashboards/{dashboard_id},dashboards,v1
PUT,/api/v1/dashboards/{dashboard_id},dashboards,v1
DELETE,/api/v1/dashboards/{dashboard_id},dashboards,v1
POST,/api/v1/dashboards/{dashboard_id}/set-default,dashboards,v1
GET,/api/v1/dashboards/analytics/summary,dashboards,v1
GET,/api/v1/dashboards/analytics/pipeline,dashboards,v1
GET,/api/v1/dashboards/analytics/key-deals,dashboards,v1
GET,/api/v1/dashboards/analytics/tasks-summary,dashboards,v1
GET,/api/v1/dashboards/quick-links,dashboards_extra,v1
POST,/api/v1/dashboards/quick-links,dashboards_extra,v1
DELETE,/api/v1/dashboards/quick-links/{link_id},dashboards_extra,v1
GET,/api/v1/dashboards/summary,dashboards_extra,v1
GET,/api/v1/dashboards/user-activities,dashboards_extra,v1
GET,/api/v1/dashboards/leaderboard,dashboards_extra,v1
GET,/api/v1/dashboards/leaderboard/me,dashboards_extra,v1
GET,/api/v1/dashboards/opportunity/all,dashboards_extra,v1
GET,/api/v1/dashboards/opportunity/mine,dashboards_extra,v1
GET,/api/v1/dashboards/bd/summary,dashboards_extra,v1
GET,/api/v1/dashboards/bd/today-opportunities,dashboards_extra,v1
GET,/api/v1/dashboards/bd/today-revenue,dashboards_extra,v1
GET,/api/v1/dashboards/bd/tomorrow-departures,dashboards_extra,v1
GET,/api/v1/dashboards/bd/graph-performance,dashboards_extra,v1
GET,/api/v1/dashboards/bd/stage-percentage,dashboards_extra,v1
GET,/api/v1/dashboards/opportunity/graph-performance,dashboards_extra,v1
GET,/api/v1/dashboards/opportunity/stage-percentage,dashboards_extra,v1
GET,/api/v1/dashboards/team-performance,dashboards_extra,v1
POST,/api/v1/dashboards/monthly-performance,dashboards_extra,v1
GET,/api/v1/dashboards/countries-updated,dashboards_extra,v1
GET,/api/v1/dashboards/exp-opp,dashboards_extra,v1
GET,/api/v1/dashboards/exp-opp-state,dashboards_extra,v1
POST,/api/v1/departments,departments,v1
GET,/api/v1/departments,departments,v1
GET,/api/v1/departments/search,departments,v1
GET,/api/v1/departments/{department_id},departments,v1
PUT,/api/v1/departments/{department_id},departments,v1
DELETE,/api/v1/departments/{department_id},departments,v1
GET,/api/v1/departments/{department_id}/hierarchy,departments,v1
GET,/api/v1/departments/{department_id}/users,departments,v1
POST,/api/v1/destinations,destinations,v1
GET,/api/v1/destinations,destinations,v1
GET,/api/v1/destinations/search,destinations,v1
GET,/api/v1/destinations/popular,destinations,v1
GET,/api/v1/destinations/country/{country_id},destinations,v1
GET,/api/v1/destinations/{destination_id},destinations,v1
PUT,/api/v1/destinations/{destination_id},destinations,v1
DELETE,/api/v1/destinations/{destination_id},destinations,v1
POST,/api/v1/destinations/opportunity/{opportunity_id}/link,destinations,v1
DELETE,/api/v1/destinations/opportunity/{opportunity_id}/unlink,destinations,v1
GET,/api/v1/destinations/opportunity/{opportunity_id},destinations,v1
POST,/api/v1/destinations/lead/{lead_id}/link,destinations,v1
DELETE,/api/v1/destinations/lead/{lead_id}/unlink,destinations,v1
GET,/api/v1/destinations/lead/{lead_id},destinations,v1
POST,/api/v1/emails,emails,v1
POST,/api/v1/emails/send,emails,v1
GET,/api/v1/emails/entity/{emailable_type}/{emailable_id},emails,v1
POST,/api/v1/emails/templates,emails,v1
GET,/api/v1/emails/templates,emails,v1
POST,/api/v1/emails/templates/{template_id}/apply,emails,v1
GET,/api/v1/emails/{email_id},emails,v1
POST,/api/v1/emails/{email_id}/track-open,emails,v1
GET,/api/v1/entity_views/views/{entity_type},entity_views,v1
POST,/api/v1/entity_views/views/{entity_type},entity_views,v1
GET,/api/v1/entity_views/views/{entity_type}/{view_id},entity_views,v1
PUT,/api/v1/entity_views/views/{entity_type}/{view_id},entity_views,v1
DELETE,/api/v1/entity_views/views/{entity_type}/{view_id},entity_views,v1
GET,/api/v1/entity_views/columns/{entity_type},entity_views,v1
POST,/api/v1/entity_views/columns/{entity_type},entity_views,v1
PUT,/api/v1/entity_views/columns/{entity_type}/{column_id},entity_views,v1
DELETE,/api/v1/entity_views/columns/{entity_type}/{column_id},entity_views,v1
POST,/api/v1/entity_views/columns/{entity_type}/sort,entity_views,v1
GET,/api/v1/entity_views/filters/{entity_type},entity_views,v1
POST,/api/v1/entity_views/filters/{entity_type},entity_views,v1
DELETE,/api/v1/entity_views/filters/{entity_type}/{filter_id},entity_views,v1
GET,/api/v1/entity_views/pinned/{entity_type},entity_views,v1
POST,/api/v1/entity_views/pinned/{entity_type},entity_views,v1
DELETE,/api/v1/entity_views/pinned/{entity_type}/{view_id},entity_views,v1
POST,/api/v1/events,events,v1
GET,/api/v1/events,events,v1
GET,/api/v1/events/upcoming,events,v1
GET,/api/v1/events/calendar,events,v1
GET,/api/v1/events/entity/{eventable_type}/{eventable_id},events,v1
GET,/api/v1/events/{event_id},events,v1
PUT,/api/v1/events/{event_id},events,v1
DELETE,/api/v1/events/{event_id},events,v1
POST,/api/v1/events/{event_id}/mark-held,events,v1
POST,/api/v1/fcm/tokens,fcm,v1
GET,/api/v1/fcm/tokens,fcm,v1
DELETE,/api/v1/fcm/tokens/{token_id},fcm,v1
GET,/api/v1/fcm/view-notification,fcm,v1
GET,/api/v1/fcm/check-notification,fcm,v1
GET,/api/v1/fcm/all-notifications,fcm,v1
GET,/api/v1/fcm/send-reminders,fcm,v1
POST,/api/v1/files/upload,files,v1
GET,/api/v1/files/{file_id}/download,files,v1
GET,/api/v1/files/{file_id}/url,files,v1
GET,/api/v1/files,files,v1
GET,/api/v1/files/entity/{fileable_type}/{fileable_id},files,v1
GET,/api/v1/files/{file_id},files,v1
DELETE,/api/v1/files/{file_id},files,v1
GET,/api/v1/files/folders,files_extra,v1
POST,/api/v1/files/folders,files_extra,v1
GET,/api/v1/files/folders/{folder_id},files_extra,v1
PUT,/api/v1/files/folders/{folder_id},files_extra,v1
DELETE,/api/v1/files/folders/{folder_id},files_extra,v1
POST,/api/v1/files/shares,files_extra,v1
GET,/api/v1/files/shares/shared-with-me,files_extra,v1
GET,/api/v1/files/shares/folders-shared-with-me,files_extra,v1
GET,/api/v1/files/shares/by-admin,files_extra,v1
DELETE,/api/v1/files/shares/{share_id},files_extra,v1
GET,/api/v1/files/{file_id}/versions,files_extra,v1
POST,/api/v1/files/{file_id}/versions,files_extra,v1
POST,/api/v1/files/{file_id}/public-link,files_extra,v1
GET,/api/v1/files/{file_id}/public-link,files_extra,v1
DELETE,/api/v1/files/{file_id}/public-link,files_extra,v1
GET,/api/v1/files/public/{token},files_extra,v1
GET,/api/v1/files/recent,files_extra,v1
GET,/api/v1/files/{file_id}/download,files_extra,v1
GET,/api/v1/files/{file_id}/preview,files_extra,v1
POST,/api/v1/hierarchies,hierarchies,v1
GET,/api/v1/hierarchies,hierarchies,v1
GET,/api/v1/hierarchies/{hierarchy_id},hierarchies,v1
PUT,/api/v1/hierarchies/{hierarchy_id},hierarchies,v1
DELETE,/api/v1/hierarchies/{hierarchy_id},hierarchies,v1
GET,/api/v1/imports/field-lists,imports_exports,v1
GET,/api/v1/imports/{entity}/export/{fmt},imports_exports,v1
POST,/api/v1/imports/{entity}/import,imports_exports,v1
POST,/api/v1/imports/{entity}/import/upload,imports_exports,v1
POST,/api/v1/imports/opportunity-history/import,imports_exports,v1
GET,/api/v1/imports/lead/sync-status,imports_exports,v1
GET,/api/v1/incentives/{incentive_id},incentives,v1
PUT,/api/v1/incentives/{incentive_id},incentives,v1
DELETE,/api/v1/incentives/{incentive_id},incentives,v1
POST,/api/v1/incentives/targets,incentives,v1
GET,/api/v1/incentives/achievements/calculate,incentives,v1
POST,/api/v1/invoices,invoices,v1
GET,/api/v1/invoices,invoices,v1
GET,/api/v1/invoices/search,invoices,v1
GET,/api/v1/invoices/{invoice_id},invoices,v1
PUT,/api/v1/invoices/{invoice_id},invoices,v1
DELETE,/api/v1/invoices/{invoice_id},invoices,v1
POST,/api/v1/invoices/{invoice_id}/payments,invoices,v1
POST,/api/v1/invoices/{invoice_id}/items,invoices,v1
POST,/api/v1/itineraries,itineraries,v1
GET,/api/v1/itineraries,itineraries,v1
GET,/api/v1/itineraries/{itinerary_id},itineraries,v1
PUT,/api/v1/itineraries/{itinerary_id},itineraries,v1
DELETE,/api/v1/itineraries/{itinerary_id},itineraries,v1
POST,/api/v1/itineraries/{itinerary_id}/days,itineraries,v1
POST,/api/v1/itineraries/opportunity/{opportunity_id}/link,itineraries,v1
DELETE,/api/v1/itineraries/opportunity/{opportunity_id}/unlink,itineraries,v1
GET,/api/v1/itineraries/opportunity/{opportunity_id},itineraries,v1
POST,/api/v1/itineraries/{itinerary_id}/copy,itineraries_extra,v1
POST,/api/v1/itineraries/{itinerary_id}/attach-opportunity,itineraries_extra,v1
GET,/api/v1/itineraries/categories,itineraries_extra,v1
POST,/api/v1/itineraries/categories,itineraries_extra,v1
PUT,/api/v1/itineraries/categories/{cid},itineraries_extra,v1
DELETE,/api/v1/itineraries/categories/{cid},itineraries_extra,v1
GET,/api/v1/itineraries/sub-categories,itineraries_extra,v1
POST,/api/v1/itineraries/sub-categories,itineraries_extra,v1
GET,/api/v1/itineraries/schedule,itineraries_extra,v1
POST,/api/v1/itineraries/schedule,itineraries_extra,v1
PUT,/api/v1/itineraries/schedule/{schedule_id},itineraries_extra,v1
DELETE,/api/v1/itineraries/schedule/{schedule_id},itineraries_extra,v1
POST,/api/v1/itineraries/schedule/{schedule_id}/transfer,itineraries_extra,v1
GET,/api/v1/itineraries/hotels,itineraries_extra,v1
POST,/api/v1/itineraries/hotels,itineraries_extra,v1
POST,/api/v1/itineraries/hotels/search,itineraries_extra,v1
POST,/api/v1/itineraries/hotels/image-to-b64,itineraries_extra,v1
GET,/api/v1/itineraries/flights,itineraries_extra,v1
POST,/api/v1/itineraries/flights,itineraries_extra,v1
PUT,/api/v1/itineraries/flights/{flight_id},itineraries_extra,v1
DELETE,/api/v1/itineraries/flights/{flight_id},itineraries_extra,v1
POST,/api/v1/itineraries/flights/search,itineraries_extra,v1
POST,/api/v1/itineraries/flights/{flight_id}/modify,itineraries_extra,v1
GET,/api/v1/itineraries/inclusions,itineraries_extra,v1
POST,/api/v1/itineraries/inclusions,itineraries_extra,v1
DELETE,/api/v1/itineraries/inclusions/{inclusion_id},itineraries_extra,v1
GET,/api/v1/itineraries/user-inclusions,itineraries_extra,v1
POST,/api/v1/itineraries/user-inclusions,itineraries_extra,v1
GET,/api/v1/itineraries/header-footers,itineraries_extra,v1
POST,/api/v1/itineraries/header-footers,itineraries_extra,v1
GET,/api/v1/itineraries/tour,itineraries_extra,v1
POST,/api/v1/itineraries/tour,itineraries_extra,v1
POST,/api/v1/itineraries/tour/{tour_id}/copy,itineraries_extra,v1
GET,/api/v1/itineraries/proforma,itineraries_extra,v1
POST,/api/v1/itineraries/proforma,itineraries_extra,v1
POST,/api/v1/itineraries/proforma/{proforma_id}/generate,itineraries_extra,v1
GET,/api/v1/itineraries/proforma/{proforma_id}/download,itineraries_extra,v1
POST,/api/v1/itineraries/proforma/{proforma_id}/email,itineraries_extra,v1
POST,/api/v1/itineraries/{itinerary_id}/days/{day_id}/destinations,itineraries_extra,v1
POST,/api/v1/itineraries/{itinerary_id}/days/{day_id}/descriptions,itineraries_extra,v1
POST,/api/v1/itineraries/{itinerary_id}/days/{day_id}/inclusions,itineraries_extra,v1
GET,/api/v1/itineraries/{itinerary_id}/publish-html,itineraries_extra,v1
POST,/api/v1/itineraries/tour/{tour_id}/inclusions-exclusions,itineraries_extra,v1
POST,/api/v1/itineraries/tour/{tour_id}/settings,itineraries_extra,v1
GET,/api/v1/itineraries/tour/{tour_id}/flights/details,itineraries_extra,v1
POST,/api/v1/itineraries/tour/{tour_id}/email,itineraries_extra,v1
POST,/api/v1/itineraries/pdf/request,itineraries_extra,v1
GET,/api/v1/itineraries/pdf/{job_id}/status,itineraries_extra,v1
POST,/api/v1/itineraries/pdf/callback,itineraries_extra,v1
POST,/api/v1/leads,leads,v1
GET,/api/v1/leads,leads,v1
GET,/api/v1/leads/search,leads,v1
GET,/api/v1/leads/{lead_id},leads,v1
PUT,/api/v1/leads/{lead_id},leads,v1
DELETE,/api/v1/leads/{lead_id},leads,v1
POST,/api/v1/leads/{lead_id}/convert,leads,v1
GET,/api/v1/leads/{lead_id}/conversion-suggestions,leads,v1
POST,/api/v1/leads/{lead_id}/change-owner,leads,v1
POST,/api/v1/leads/single-column,leads,v1
POST,/api/v1/leads/import,leads,v1
GET,/api/v1/leads/export/{format},leads,v1
POST,/api/v1/leads/bulk-delete,leads,v1
POST,/api/v1/leads/bulk-change-owner,leads,v1
POST,/api/v1/messaging/gmail/setup,messaging,v1
POST,/api/v1/messaging/gmail/remove,messaging,v1
GET,/api/v1/messaging/gmail/token,messaging,v1
GET,/api/v1/messaging/gmail/auth-url,messaging,v1
POST,/api/v1/messaging/gmail/sync,messaging,v1
GET,/api/v1/messaging/gmail/messages,messaging,v1
GET,/api/v1/messaging/gmail/messages/{message_id},messaging,v1
POST,/api/v1/messaging/gmail/messages/{message_id}/seen,messaging,v1
GET,/api/v1/messaging/gmail/search,messaging,v1
GET,/api/v1/messaging/conversations,messaging,v1
GET,/api/v1/messaging/whatsapp/templates,messaging,v1
POST,/api/v1/messaging/whatsapp/templates,messaging,v1
DELETE,/api/v1/messaging/whatsapp/templates/{template_id},messaging,v1
POST,/api/v1/messaging/whatsapp/messages,messaging,v1
GET,/api/v1/messaging/whatsapp/messages,messaging,v1
GET,/api/v1/messaging/whatsapp/check-user,messaging,v1
GET,/api/v1/messaging/chatbot/webhook,messaging,v1
POST,/api/v1/messaging/chatbot/webhook,messaging,v1
GET,/api/v1/messaging/chatbot/events,messaging,v1
POST,/api/v1/messaging/email/image-upload,messaging,v1
POST,/api/v1/messaging/email/image-editor,messaging,v1
POST,/api/v1/messaging/chatbot/events/{event_id}/mark-processed,messaging,v1
GET,/api/v1/misc/check-tenant-activity,misc,v1
POST,/api/v1/misc/s3-url,misc,v1
POST,/api/v1/misc/lat-long,misc,v1
GET,/api/v1/misc/search-country,misc,v1
GET,/api/v1/misc/verify-email/{token},misc,v1
POST,/api/v1/misc/verify-email/resend,misc,v1
POST,/api/v1/misc/access-login,misc,v1
GET,/api/v1/misc/logout,misc,v1
GET,/api/v1/misc/facebook/leads/pull,misc,v1
POST,/api/v1/misc/facebook/leads/save,misc,v1
GET,/api/v1/misc/facebook/health,misc,v1
POST,/api/v1/misc/facebook/token,misc,v1
GET,/api/v1/misc/ai-email-report,misc,v1
GET,/api/v1/misc/operators,misc,v1
GET,/api/v1/misc/email-client/seen,misc,v1
POST,/api/v1/misc/email-setup,misc,v1
GET,/api/v1/misc/check-pdf-status,misc,v1
GET,/api/v1/misc/get-tenant-user-details,misc,v1
POST,/api/v1/misc/lead-capture/check-duplicate,misc,v1
POST,/api/v1/misc/lead-capture/check-by-ref,misc,v1
GET,/api/v1/misc/php-info,misc,v1
GET,/api/v1/mobile/dashboard,mobile,v1
GET,/api/v1/mobile/user-activities,mobile,v1
GET,/api/v1/mobile/accounts,mobile,v1
GET,/api/v1/mobile/accounts/search,mobile,v1
POST,/api/v1/mobile/accounts/change-owner,mobile,v1
GET,/api/v1/mobile/contacts,mobile,v1
POST,/api/v1/mobile/contacts/change-owner,mobile,v1
GET,/api/v1/mobile/opportunities,mobile,v1
POST,/api/v1/mobile/opportunities/change-owner,mobile,v1
POST,/api/v1/mobile/opportunities/change-stage,mobile,v1
GET,/api/v1/mobile/leads,mobile,v1
POST,/api/v1/mobile/leads/change-owner,mobile,v1
GET,/api/v1/mobile/personal-accounts,mobile,v1
GET,/api/v1/mobile/file-folders,mobile,v1
POST,/api/v1/notes,notes,v1
GET,/api/v1/notes/my-notes,notes,v1
GET,/api/v1/notes/entity/{noteable_type}/{noteable_id},notes,v1
GET,/api/v1/notes/{note_id},notes,v1
PUT,/api/v1/notes/{note_id},notes,v1
DELETE,/api/v1/notes/{note_id},notes,v1
GET,/api/v1/notifications,notifications,v1
GET,/api/v1/notifications/count,notifications,v1
PUT,/api/v1/notifications/{notification_id}/read,notifications,v1
PUT,/api/v1/notifications/read-all,notifications,v1
DELETE,/api/v1/notifications/clear-all,notifications,v1
DELETE,/api/v1/notifications/{notification_id},notifications,v1
GET,/api/v1/opportunities/sales-stages,opportunities,v1
GET,/api/v1/opportunities/experiences,opportunities,v1
GET,/api/v1/opportunities/search-opportunity,opportunities,v1
POST,/api/v1/opportunities,opportunities,v1
GET,/api/v1/opportunities,opportunities,v1
GET,/api/v1/opportunities/{opportunity_id},opportunities,v1
PUT,/api/v1/opportunities/{opportunity_id},opportunities,v1
DELETE,/api/v1/opportunities/{opportunity_id},opportunities,v1
POST,/api/v1/opportunities/{opportunity_id}/change-stage,opportunities,v1
POST,/api/v1/opportunities/{opportunity_id}/change-owner,opportunities,v1
POST,/api/v1/opportunities/{opportunity_id}/lock,opportunities,v1
POST,/api/v1/opportunities/{opportunity_id}/unlock,opportunities,v1
POST,/api/v1/opportunities/{opportunity_id}/change-owner,opportunities,v1
GET,/api/v1/opportunities/{opportunity_id}/history,opportunities,v1
GET,/api/v1/opportunities/{opportunity_id}/tasks,opportunities,v1
POST,/api/v1/opportunities/{opportunity_id}/tasks,opportunities,v1
GET,/api/v1/opportunities/financial-config,opportunity_financial,v1
GET,/api/v1/opportunities/{opportunity_id}/costing/item-types,opportunity_financial,v1
GET,/api/v1/opportunities/{opportunity_id}/costing/destinations,opportunity_financial,v1
GET,/api/v1/opportunities/{opportunity_id}/costing,opportunity_financial,v1
POST,/api/v1/opportunities/{opportunity_id}/costing,opportunity_financial,v1
GET,/api/v1/opportunities/{opportunity_id}/payment-schedule,opportunity_financial,v1
POST,/api/v1/opportunities/{opportunity_id}/payment-schedule,opportunity_financial,v1
PUT,/api/v1/opportunities/{opportunity_id}/payment-schedule/{item_id},opportunity_financial,v1
DELETE,/api/v1/opportunities/{opportunity_id}/payment-schedule/{item_id},opportunity_financial,v1
GET,/api/v1/opportunities/{opportunity_id}/transactions,opportunity_financial,v1
POST,/api/v1/opportunities/{opportunity_id}/transactions,opportunity_financial,v1
PUT,/api/v1/opportunities/{opportunity_id}/transactions/{txn_id},opportunity_financial,v1
GET,/api/v1/opportunities/{opp_id}/vouchers,opportunity_workflow,v1
POST,/api/v1/opportunities/{opp_id}/vouchers,opportunity_workflow,v1
PUT,/api/v1/opportunities/{opp_id}/vouchers/{voucher_id},opportunity_workflow,v1
POST,/api/v1/opportunities/{opp_id}/vouchers/{voucher_id}/generate,opportunity_workflow,v1
DELETE,/api/v1/opportunities/{opp_id}/vouchers/{voucher_id},opportunity_workflow,v1
GET,/api/v1/opportunities/{opp_id}/departures,opportunity_workflow,v1
POST,/api/v1/opportunities/{opp_id}/departures,opportunity_workflow,v1
PUT,/api/v1/opportunities/{opp_id}/departures/{departure_id},opportunity_workflow,v1
POST,/api/v1/opportunities/{opp_id}/departures/{departure_id}/hold,opportunity_workflow,v1
POST,/api/v1/opportunities/{opp_id}/departures/{departure_id}/book,opportunity_workflow,v1
GET,/api/v1/opportunities/{opp_id}/ledger,opportunity_workflow,v1
POST,/api/v1/opportunities/{opp_id}/ledger,opportunity_workflow,v1
PUT,/api/v1/opportunities/{opp_id}/ledger/{entry_id},opportunity_workflow,v1
GET,/api/v1/opportunities/{opp_id}/claims,opportunity_workflow,v1
POST,/api/v1/opportunities/{opp_id}/claims,opportunity_workflow,v1
POST,/api/v1/opportunities/{opp_id}/claims/{claim_id}/resolve,opportunity_workflow,v1
GET,/api/v1/opportunities/{opp_id}/handovers,opportunity_workflow,v1
POST,/api/v1/opportunities/{opp_id}/handovers,opportunity_workflow,v1
POST,/api/v1/opportunities/{opp_id}/handovers/{handover_id}/accept,opportunity_workflow,v1
POST,/api/v1/opportunities/{opp_id}/handovers/{handover_id}/reject,opportunity_workflow,v1
GET,/api/v1/opportunities/{opp_id}/team,opportunity_workflow,v1
POST,/api/v1/opportunities/{opp_id}/team,opportunity_workflow,v1
DELETE,/api/v1/opportunities/{opp_id}/team/{user_id},opportunity_workflow,v1
GET,/api/v1/opportunities/{opp_id}/payment-schedules,opportunity_workflow,v1
POST,/api/v1/opportunities/{opp_id}/payment-schedules,opportunity_workflow,v1
POST,/api/v1/opportunities/external-leads/capture,opportunity_workflow,v1
GET,/api/v1/opportunities/external-leads,opportunity_workflow,v1
DELETE,/api/v1/opportunities/external-leads/{external_lead_id},opportunity_workflow,v1
POST,/api/v1/opportunities/external-leads/{external_lead_id}/mark-processed,opportunity_workflow,v1
POST,/api/v1/opportunities/{opp_id}/automatic-lock,opportunity_workflow,v1
POST,/api/v1/packages,packages,v1
GET,/api/v1/packages,packages,v1
GET,/api/v1/packages/search,packages,v1
GET,/api/v1/packages/{package_id},packages,v1
PUT,/api/v1/packages/{package_id},packages,v1
DELETE,/api/v1/packages/{package_id},packages,v1
POST,/api/v1/packages/{package_id}/pricing,packages,v1
POST,/api/v1/packages/opportunity/{opportunity_id}/link,packages,v1
DELETE,/api/v1/packages/opportunity/{opportunity_id}/unlink,packages,v1
GET,/api/v1/packages/opportunity/{opportunity_id},packages,v1
GET,/api/v1/picklists/types,picklists,v1
GET,/api/v1/picklists/{type_key},picklists,v1
POST,/api/v1/picklists/{type_key},picklists,v1
GET,/api/v1/picklists/{type_key}/{item_id},picklists,v1
PUT,/api/v1/picklists/{type_key}/{item_id},picklists,v1
DELETE,/api/v1/picklists/{type_key}/{item_id},picklists,v1
POST,/api/v1/picklists/{type_key}/sort,picklists,v1
POST,/api/v1/products,products,v1
GET,/api/v1/products,products,v1
GET,/api/v1/products/search,products,v1
GET,/api/v1/products/featured,products,v1
GET,/api/v1/products/category/{category},products,v1
GET,/api/v1/products/code/{product_code},products,v1
GET,/api/v1/products/{product_id},products,v1
PUT,/api/v1/products/{product_id},products,v1
DELETE,/api/v1/products/{product_id},products,v1
POST,/api/v1/quotes,quotes,v1
GET,/api/v1/quotes,quotes,v1
GET,/api/v1/quotes/search,quotes,v1
GET,/api/v1/quotes/{quote_id},quotes,v1
PUT,/api/v1/quotes/{quote_id},quotes,v1
DELETE,/api/v1/quotes/{quote_id},quotes,v1
PUT,/api/v1/quotes/{quote_id}/status,quotes,v1
POST,/api/v1/quotes/{quote_id}/items,quotes,v1
PUT,/api/v1/quotes/items/{item_id},quotes,v1
DELETE,/api/v1/quotes/items/{item_id},quotes,v1
POST,/api/v1/reminders,reminders,v1
GET,/api/v1/reminders,reminders,v1
GET,/api/v1/reminders/upcoming,reminders,v1
GET,/api/v1/reminders/due,reminders,v1
GET,/api/v1/reminders/{reminder_id},reminders,v1
PUT,/api/v1/reminders/{reminder_id},reminders,v1
PUT,/api/v1/reminders/{reminder_id}/complete,reminders,v1
DELETE,/api/v1/reminders/{reminder_id},reminders,v1
POST,/api/v1/reports/schedules,reports,v1
GET,/api/v1/reports/schedules,reports,v1
GET,/api/v1/reports/schedules/{schedule_id},reports,v1
PUT,/api/v1/reports/schedules/{schedule_id},reports,v1
DELETE,/api/v1/reports/schedules/{schedule_id},reports,v1
GET,/api/v1/reports/favorites,reports,v1
GET,/api/v1/reports/{report_id},reports,v1
PUT,/api/v1/reports/{report_id},reports,v1
DELETE,/api/v1/reports/{report_id},reports,v1
POST,/api/v1/reports/{report_id}/favorite,reports,v1
POST,/api/v1/reports/{report_id}/duplicate,reports,v1
POST,/api/v1/reports/{report_id}/run,reports,v1
GET,/api/v1/reports/{report_id}/executions,reports,v1
GET,/api/v1/reports/dashboard/stats,reports,v1
POST,/api/v1/reports/standard/sales-stage,reports_extra,v1
POST,/api/v1/reports/standard/user-performance,reports_extra,v1
POST,/api/v1/reports/standard/opportunities,reports_extra,v1
POST,/api/v1/reports/standard/opportunities-domestic-international,reports_extra,v1
POST,/api/v1/reports/standard/opportunities-domestic-international-pipeline,reports_extra,v1
POST,/api/v1/reports/standard/opportunities-by-country,reports_extra,v1
POST,/api/v1/reports/standard/active-users,reports_extra,v1
POST,/api/v1/reports/standard/account-contact,reports_extra,v1
POST,/api/v1/reports/standard/leads,reports_extra,v1
POST,/api/v1/reports/standard/team,reports_extra,v1
POST,/api/v1/reports/standard/lead-conversion,reports_extra,v1
POST,/api/v1/reports/standard/agent-departure,reports_extra,v1
POST,/api/v1/reports/standard/team-by-month,reports_extra,v1
POST,/api/v1/reports/standard/lead-source-funnel,reports_extra,v1
POST,/api/v1/reports/standard/owner-conversion,reports_extra,v1
POST,/api/v1/reports/standard/agent-bookings,reports_extra,v1
GET,/api/v1/reports/folders,reports_extra,v1
POST,/api/v1/reports/folders,reports_extra,v1
GET,/api/v1/reports/folders/created-by-me,reports_extra,v1
GET,/api/v1/reports/folders/shared-with-me,reports_extra,v1
GET,/api/v1/reports/folders/{folder_id},reports_extra,v1
PUT,/api/v1/reports/folders/{folder_id},reports_extra,v1
DELETE,/api/v1/reports/folders/{folder_id},reports_extra,v1
POST,/api/v1/reports/folders/{folder_id}/share,reports_extra,v1
POST,/api/v1/reports/preview,reports_extra,v1
POST,/api/v1/reports/{report_id}/clone,reports_extra,v1
POST,/api/v1/reports/export/format,reports_extra,v1
GET,/api/v1/reports/sample/{template_type},reports_extra,v1
GET,/api/v1/reports/user-performance,reports_extra,v1
GET,/api/v1/reports/created-by-me,reports_extra,v1
GET,/api/v1/reports/private,reports_extra,v1
GET,/api/v1/reports/public,reports_extra,v1
POST,/api/v1/roles,roles,v1
GET,/api/v1/roles,roles,v1
GET,/api/v1/roles/{role_id},roles,v1
PUT,/api/v1/roles/{role_id},roles,v1
DELETE,/api/v1/roles/{role_id},roles,v1
POST,/api/v1/roles/{role_id}/permissions,roles,v1
DELETE,/api/v1/roles/{role_id}/permissions,roles,v1
GET,/api/v1/roles/{role_id}/users,roles,v1
GET,/api/v1/roles/permissions/all,roles,v1
GET,/api/v1/search/by-module,search,v1
GET,/api/v1/search,search,v1
GET,/api/v1/search_extras/modules,search_extras,v1
POST,/api/v1/search_extras/modules,search_extras,v1
POST,/api/v1/search_extras/notes,search_extras,v1
GET,/api/v1/search_extras/notes,search_extras,v1
GET,/api/v1/search_extras/supplier-templates,search_extras,v1
POST,/api/v1/search_extras/supplier-templates,search_extras,v1
PUT,/api/v1/search_extras/supplier-templates/{template_id},search_extras,v1
DELETE,/api/v1/search_extras/supplier-templates/{template_id},search_extras,v1
GET,/api/v1/settings/tenant,settings,v1
PUT,/api/v1/settings/tenant,settings,v1
GET,/api/v1/settings/user,settings,v1
PUT,/api/v1/settings/user,settings,v1
POST,/api/v1/settings/user/reset,settings,v1
GET,/api/v1/standard_fields/{entity_type},standard_fields,v1
POST,/api/v1/standard_fields/{entity_type},standard_fields,v1
PUT,/api/v1/standard_fields/{entity_type}/{field_id},standard_fields,v1
POST,/api/v1/standard_fields/{entity_type}/sort,standard_fields,v1
POST,/api/v1/standard_fields/{entity_type}/status,standard_fields,v1
POST,/api/v1/standard_fields/{entity_type}/mandatory,standard_fields,v1
POST,/api/v1/subscription/products,subscription,v1
GET,/api/v1/subscription/products,subscription,v1
POST,/api/v1/subscription/plans,subscription,v1
GET,/api/v1/subscription/plans/by-product/{product_id},subscription,v1
GET,/api/v1/subscription/plans/{plan_id},subscription,v1
POST,/api/v1/subscription/customer-subscriptions,subscription,v1
POST,/api/v1/subscription/subscriptions/existing-user,subscription,v1
POST,/api/v1/subscription/subscriptions/checkout-details,subscription,v1
GET,/api/v1/subscription/subscriptions/update,subscription,v1
GET,/api/v1/subscription/subscriptions/upgrade,subscription,v1
POST,/api/v1/subscription/check-user,subscription,v1
GET,/api/v1/subscription/check-exception,subscription,v1
GET,/api/v1/subscription/existing-users,subscription,v1
GET,/api/v1/subscription/tenant-status,subscription,v1
GET,/api/v1/subscription/user-plan-modules/{product_id},subscription,v1
GET,/api/v1/subscription/billing-summary,subscription,v1
GET,/api/v1/suppliers/form-data,suppliers,v1
POST,/api/v1/suppliers,suppliers,v1
GET,/api/v1/suppliers,suppliers,v1
GET,/api/v1/suppliers/search,suppliers,v1
GET,/api/v1/suppliers/{supplier_id},suppliers,v1
PUT,/api/v1/suppliers/{supplier_id},suppliers,v1
DELETE,/api/v1/suppliers/{supplier_id},suppliers,v1
POST,/api/v1/suppliers/opportunity/{opportunity_id}/link,suppliers,v1
DELETE,/api/v1/suppliers/opportunity/{opportunity_id}/unlink,suppliers,v1
GET,/api/v1/suppliers/opportunity/{opportunity_id},suppliers,v1
GET,/api/v1/suppliers/{supplier_id}/contacts,suppliers,v1
POST,/api/v1/suppliers/{supplier_id}/contacts,suppliers,v1
PUT,/api/v1/suppliers/{supplier_id}/contacts/{contact_id},suppliers,v1
DELETE,/api/v1/suppliers/{supplier_id}/contacts/{contact_id},suppliers,v1
POST,/api/v1/tags,tags,v1
GET,/api/v1/tags,tags,v1
GET,/api/v1/tags/search,tags,v1
GET,/api/v1/tags/{tag_id},tags,v1
PUT,/api/v1/tags/{tag_id},tags,v1
DELETE,/api/v1/tags/{tag_id},tags,v1
POST,/api/v1/tags/entity/{entity_type}/{entity_id},tags,v1
DELETE,/api/v1/tags/entity/{entity_type}/{entity_id}/{tag_id},tags,v1
GET,/api/v1/tags/entity/{entity_type}/{entity_id},tags,v1
GET,/api/v1/tasks/search-opportunity,tasks,v1
POST,/api/v1/tasks,tasks,v1
GET,/api/v1/tasks,tasks,v1
GET,/api/v1/tasks/overdue,tasks,v1
GET,/api/v1/tasks/entity/{taskable_type}/{taskable_id},tasks,v1
GET,/api/v1/tasks/{task_id},tasks,v1
PUT,/api/v1/tasks/{task_id},tasks,v1
DELETE,/api/v1/tasks/{task_id},tasks,v1
POST,/api/v1/tasks/{task_id}/complete,tasks,v1
POST,/api/v1/tasks/{task_id}/follow-up,tasks,v1
POST,/api/v1/templates,templates,v1
GET,/api/v1/templates,templates,v1
GET,/api/v1/templates/search,templates,v1
GET,/api/v1/templates/default/{type},templates,v1
GET,/api/v1/templates/{template_id},templates,v1
PUT,/api/v1/templates/{template_id},templates,v1
DELETE,/api/v1/templates/{template_id},templates,v1
POST,/api/v1/templates/{template_id}/render,templates,v1
POST,/api/v1/territories/regions,territories,v1
GET,/api/v1/territories/regions,territories,v1
GET,/api/v1/territories/regions/{region_id},territories,v1
PUT,/api/v1/territories/regions/{region_id},territories,v1
DELETE,/api/v1/territories/regions/{region_id},territories,v1
POST,/api/v1/territories/territories,territories,v1
GET,/api/v1/territories/territories,territories,v1
GET,/api/v1/territories/territories/check-assignment,territories,v1
GET,/api/v1/territories/territories/{territory_id},territories,v1
PUT,/api/v1/territories/territories/{territory_id},territories,v1
DELETE,/api/v1/territories/territories/{territory_id},territories,v1
GET,/api/v1/territories/regions-list,territories,v1
GET,/api/v1/territories/regions-tree,territories,v1
GET,/api/v1/territories/countries-list,territories,v1
GET,/api/v1/territories/regions-by-countries/{country_id},territories,v1
GET,/api/v1/territories/countries-by-destinations/{destination_id},territories,v1
GET,/api/v1/territories/bd-report-list,territories,v1
POST,/api/v1/territories/bd-report-list,territories,v1
POST,/api/v1/territories/opportunity-region-bulk-update,territories,v1
GET,/api/v1/territories/territory-destinations,territories,v1
POST,/api/v1/users,users,v1
GET,/api/v1/users,users,v1
GET,/api/v1/users/search,users,v1
GET,/api/v1/users/{user_id},users,v1
PUT,/api/v1/users/{user_id},users,v1
DELETE,/api/v1/users/{user_id},users,v1
PUT,/api/v1/users/{user_id}/password,users,v1
PUT,/api/v1/users/{user_id}/status,users,v1
POST,/api/v1/users/{user_id}/roles,users,v1
PUT,/api/v1/users/{user_id}/territories,users,v1
PUT,/api/v1/users/{user_id}/targets,users,v1
GET,/api/v1/users/{user_id}/performance,users,v1
GET,/api/v1/users/{user_id}/team,users,v1
GET,/api/v1/users/profile,users_extra,v1
PUT,/api/v1/users/profile,users_extra,v1
PUT,/api/v1/users/profile/password,users_extra,v1
POST,/api/v1/users/profile/avatar,users_extra,v1
POST,/api/v1/users/profile/banner,users_extra,v1
GET,/api/v1/users/targets,users_extra,v1
POST,/api/v1/users/targets/current,users_extra,v1
POST,/api/v1/users/targets/all,users_extra,v1
POST,/api/v1/users/targets/team,users_extra,v1
GET,/api/v1/users/directory,users_extra,v1
GET,/api/v1/users/directory/check,users_extra,v1
GET,/api/v1/users/status,users_extra,v1
POST,/api/v1/users/status,users_extra,v1
GET,/api/v1/users/login-logs,users_extra,v1
GET,/api/v1/users/bd,users_extra,v1
GET,/api/v1/users/bd/{user_id},users_extra,v1
POST,/api/v1/users/{user_id}/deactivate,users_extra,v1
POST,/api/v1/users/{user_id}/reactivate,users_extra,v1
POST,/api/v1/users/{user_id}/sales-org,users_extra,v1
POST,/api/v1/users/{user_id}/send-password-reset,users_extra,v1
GET,/api/v1/users/all,users_extra,v1
GET,/api/v1/users/all-active,users_extra,v1
GET,/api/v1/users/auto-assign,users_extra,v1
GET,/api/v1/webhooks/{endpoint_id},webhooks,v1
PUT,/api/v1/webhooks/{endpoint_id},webhooks,v1
DELETE,/api/v1/webhooks/{endpoint_id},webhooks,v1
GET,/api/v1/webhooks/{endpoint_id}/deliveries,webhooks,v1
