method,path,controller,action,group
GET,/admin/users_sales_target,RestUserController,usersSalesTarget,admin
POST,/admin/updateCurrentTarget,RestUserController,updateCurrentTarget,admin
POST,/admin/updateUserTargets,RestUserController,updateUserTargets,admin
POST,/admin/updateUserTargetsEdit,RestUserController,updateUserTargetsEdit,admin
POST,/admin/updateAllUserTargets,RestUserController,updateAllUserTargets,admin
GET,/admin/get_agent,RestHomeController,getConnection,admin
POST,/admin/agent_connect,RestHomeController,updateConnection,admin
GET,/admin/leaderBoardSettings,RestHomeController,leaderBoardSettings,admin
POST,/admin/saveParameter,RestHomeController,saveParameter,admin
POST,/admin/saveAccolade,RestHomeController,saveAccolade,admin
POST,/admin/savePerformance,RestHomeController,savePerformance,admin
GET,/admin/opp_settings,RestCompanySettingsController,oppSettings,admin
POST,/admin/opp_settings_change,RestCompanySettingsController,opp_settings_change,admin
POST,/admin/send_reset_pswd,RestUserController,sendResetEmail,admin
POST,/admin/rest_users_deactivate,RestUserController,deactivateUser,admin
POST,/admin/rest_users_reactivate,RestUserController,reactivateUser,admin
POST,/admin/update_user_sales_org,RestUserController,update_user_sales_org,admin
POST,/admin/bank_update,RestCompanySettingsController,bankUpdate,admin
POST,/admin/logo_update,RestCompanySettingsController,logoUpdate,admin
GET,/admin/dashboard,DashboardController,dashboard,admin
POST,/admin/sort_industry_fields,RestIndustryController,sort_fields,admin
POST,/admin/sort_supplier_rating_fields,RestSupplierPicklistRatingController,sort_fields,admin
POST,/admin/sort_supplier_type_fields,RestsuppliertypePicklistController,sort_fields,admin
POST,/admin/sort_supplier_service_fields,RestsupplierServicesPicklistController,sort_fields,admin
POST,/admin/sort_salutations_fields,RestSalutationController,sort_fields,admin
POST,/admin/sort_ratings_fields,RestRatingController,sort_fields,admin
POST,/admin/sort_categories_fields,RestRatingController,sort_fields,admin
POST,/admin/sort_lead_statuses_fields,RestLeadStatusController,sort_fields,admin
POST,/admin/sort_task_priorities_fields,RestTaskPriorityController,sort_fields,admin
POST,/admin/sort_inclusions_fields,RestInclusionController,sort_fields,admin
POST,/admin/sort_experiences_fields,RestExperienceController,sort_fields,admin
POST,/admin/sort_opportunity_tags_fields,RestOpportunityTagController,sort_fields,admin
GET,/admin/rest_bd_users,RestUserController,bdUsers,admin
POST,/admin/rest_get_states,RestDestinationController,get_states,admin
POST,/admin/rest_get_cities,RestDestinationController,get_cities,admin
GET,/admin/rest_role_hierarchies_assign/{id},RestRoleHierarchyController,getAssignUser,admin
POST,/admin/rest_role_hierarchies_assign,RestRoleHierarchyController,postAssignUser,admin
GET,/admin/billing,RestBillingController,billingDetails,admin
GET,/admin/rest_standard_fields_opp_admin,StandardFieldOpportunityController,restStandardFieldsOppAdmin,admin
GET,/admin/edit_opp_standard_fields/{id},StandardFieldOpportunityController,editOppStandardField,admin
POST,/admin/update_opp_standard_fields/{id},StandardFieldOpportunityController,updateOppStandardField,admin
POST,/admin/update_opp_standard_fields_status/{id},StandardFieldOpportunityController,updateOppStandardFieldActivationStatus,admin
POST,/admin/update_opp_standard_fields_mandatory/{id},StandardFieldOpportunityController,updateOppStandardFieldMandatory,admin
GET,/admin/rest_standard_fields_account_admin,StandardFieldAccountController,restStandardFieldsAccountAdmin,admin
GET,/admin/edit_account_standard_fields/{id},StandardFieldAccountController,editAccountStandardField,admin
POST,/admin/update_account_standard_fields/{id},StandardFieldAccountController,updateAccountStandardField,admin
POST,/admin/update_account_standard_fields_status/{id},StandardFieldAccountController,updateAccountStandardFieldActivationStatus,admin
POST,/admin/update_account_standard_fields_mandatory/{id},StandardFieldAccountController,updateAccountStandardFieldMandatory,admin
GET,/admin/rest_standard_fields_contact_admin,StandardFieldContactController,restStandardFieldsContactAdmin,admin
GET,/admin/edit_contact_standard_fields/{id},StandardFieldContactController,editContactStandardField,admin
POST,/admin/update_contact_standard_fields/{id},StandardFieldContactController,updateContactStandardField,admin
POST,/admin/update_contact_standard_fields_status/{id},StandardFieldContactController,updateContactStandardFieldActivationStatus,admin
POST,/admin/update_contact_standard_fields_mandatory/{id},StandardFieldContactController,updateContactStandardFieldMandatory,admin
GET,/admin/rest_standard_fields_lead_admin,StandardFieldLeadController,restStandardFieldsLeadAdmin,admin
GET,/admin/edit_lead_standard_fields/{id},StandardFieldLeadController,editLeadStandardField,admin
POST,/admin/update_lead_standard_fields/{id},StandardFieldLeadController,updateLeadStandardField,admin
POST,/admin/update_lead_standard_fields_status/{id},StandardFieldLeadController,updateLeadStandardFieldActivationStatus,admin
POST,/admin/update_lead_standard_fields_mandatory/{id},StandardFieldLeadController,updateLeadStandardFieldMandatory,admin
GET,/admin/rest_standard_fields_personal_account_admin,StandardFieldPersonalAccountController,restStandardFieldsPersonalAccountAdmin,admin
GET,/admin/edit_personal_account_standard_fields/{id},StandardFieldPersonalAccountController,editPersonalAccountStandardField,admin
POST,/admin/update_personal_account_standard_fields/{id},StandardFieldPersonalAccountController,updatePersonalAccountStandardField,admin
POST,/admin/update_personal_account_standard_fields_status/{id},StandardFieldPersonalAccountController,updatePersonalAccountStandardFieldActivationStatus,admin
POST,/admin/update_personal_account_standard_fields_mandatory/{id},StandardFieldPersonalAccountController,updatePersonalAccountStandardFieldMandatory,admin
POST,/admin/rest_supplier_template,RestSearchModuleController,postSupplierTemplate,admin
POST,/admin/rest_supplier_template_update,RestSearchModuleController,updateSupplierTemplate,admin
POST,/admin/rest_supplier_template_delete,RestSearchModuleController,deleteSupplierTemplate,admin
GET,/admin/get_supplier_template,RestSearchModuleController,getSupplierEmailTemplate,admin
GET,/admin/get_destinations,RestTerritoryController,getDestination,admin
GET,/admin/get_user_report,UserReportController,userReport,admin
GET,/admin/lead_counter,RestLeadController,leadCounter,admin
POST,/admin/lead_counter_separator,RestLeadController,leadCounterSeparator,admin
GET,/admin/get-auto-assignment-setting,SchedulerSettingController,index,admin
POST,/admin/store-auto-assignment-settings,SchedulerSettingController,store,admin
POST,/admin/store-user-wise-assignment-settings,SchedulerSettingController,storeUserWiseAssignmentSettings,admin
GET,/admin/get-user-wise-assignment-settings,SchedulerSettingController,getUserWiseAssignmentSettings,admin
POST,/admin/update-user-wise-assignment-settings,SchedulerSettingController,updateUserWiseAssignmentSettings,admin
POST,/admin/delete-user-wise-assignment-settings,SchedulerSettingController,deleteUserWiseAssignmentSettings,admin
GET,/admin/get-country-wise-user,SchedulerSettingController,getCountryWiseUser,admin
POST,/admin/store-country-wise-user,SchedulerSettingController,storeCountryWiseUser,admin
POST,/admin/delete-country-wise-user,SchedulerSettingController,deleteCountryWiseUser,admin
POST,/admin/update-country-wise-user,SchedulerSettingController,updateCountryWiseUser,admin
GET,/admin/department_settings,RestDepartmentSetting,getDepartments,admin
POST,/admin/department_settings,RestDepartmentSetting,updateDepartments,admin
GET,/admin/department_incentives,RestIncentiveCalculateController,getAllDepartmentIncentive,admin
POST,/admin/department_incentives_by_month,RestIncentiveCalculateController,incentiveReportByMonth,admin
GET,/admin/get_update_admin_opportunity_region,RestIncentiveCalculateController,incentiveCalculationOpportunitiesUpdateRegion,admin
GET,/admin/get_regions,RestRegionController,fetchRegions,admin
GET,/admin/get_countries,RestRegionController,fetchCountries,admin
GET,/admin/get_region_by_countries/{id},RestRegionController,fetchRegionByCountries,admin
GET,/admin/get_country_by_destinations/{id},RestRegionController,fetchCountryByDestinations,admin
GET,/admin/department_users/{id},RestDepartmentSetting,userDepartments,admin
POST,/admin/department_users,RestDepartmentSetting,userProductDestinationUpdate,admin
POST,/admin/user_month_incentive,RestIncentiveCalculationController,monthlyIncentiveCalcuation,admin
GET,/admin/supplier_rest_ratings,RestSupplierPicklistRatingController,index,admin:resource
POST,/admin/supplier_rest_ratings,RestSupplierPicklistRatingController,store,admin:resource
GET,/admin/supplier_rest_ratings/{id},RestSupplierPicklistRatingController,show,admin:resource
PUT,/admin/supplier_rest_ratings/{id},RestSupplierPicklistRatingController,update,admin:resource
PATCH,/admin/supplier_rest_ratings/{id},RestSupplierPicklistRatingController,update,admin:resource
DELETE,/admin/supplier_rest_ratings/{id},RestSupplierPicklistRatingController,destroy,admin:resource
GET,/admin/supplier_rest_types,RestsuppliertypePicklistController,index,admin:resource
POST,/admin/supplier_rest_types,RestsuppliertypePicklistController,store,admin:resource
GET,/admin/supplier_rest_types/{id},RestsuppliertypePicklistController,show,admin:resource
PUT,/admin/supplier_rest_types/{id},RestsuppliertypePicklistController,update,admin:resource
PATCH,/admin/supplier_rest_types/{id},RestsuppliertypePicklistController,update,admin:resource
DELETE,/admin/supplier_rest_types/{id},RestsuppliertypePicklistController,destroy,admin:resource
GET,/admin/supplier_rest_services,RestsupplierServicesPicklistController,index,admin:resource
POST,/admin/supplier_rest_services,RestsupplierServicesPicklistController,store,admin:resource
GET,/admin/supplier_rest_services/{id},RestsupplierServicesPicklistController,show,admin:resource
PUT,/admin/supplier_rest_services/{id},RestsupplierServicesPicklistController,update,admin:resource
PATCH,/admin/supplier_rest_services/{id},RestsupplierServicesPicklistController,update,admin:resource
DELETE,/admin/supplier_rest_services/{id},RestsupplierServicesPicklistController,destroy,admin:resource
GET,/admin/rest_categories,RestCategoryController,index,admin:resource
POST,/admin/rest_categories,RestCategoryController,store,admin:resource
GET,/admin/rest_categories/{id},RestCategoryController,show,admin:resource
PUT,/admin/rest_categories/{id},RestCategoryController,update,admin:resource
PATCH,/admin/rest_categories/{id},RestCategoryController,update,admin:resource
DELETE,/admin/rest_categories/{id},RestCategoryController,destroy,admin:resource
GET,/admin/rest_email_footers,RestEmailFooterController,index,admin:resource
POST,/admin/rest_email_footers,RestEmailFooterController,store,admin:resource
GET,/admin/rest_email_footers/{id},RestEmailFooterController,show,admin:resource
PUT,/admin/rest_email_footers/{id},RestEmailFooterController,update,admin:resource
PATCH,/admin/rest_email_footers/{id},RestEmailFooterController,update,admin:resource
DELETE,/admin/rest_email_footers/{id},RestEmailFooterController,destroy,admin:resource
GET,/admin/rest_company_settings,RestCompanySettingsController,index,admin:resource
POST,/admin/rest_company_settings,RestCompanySettingsController,store,admin:resource
GET,/admin/rest_company_settings/{id},RestCompanySettingsController,show,admin:resource
PUT,/admin/rest_company_settings/{id},RestCompanySettingsController,update,admin:resource
PATCH,/admin/rest_company_settings/{id},RestCompanySettingsController,update,admin:resource
DELETE,/admin/rest_company_settings/{id},RestCompanySettingsController,destroy,admin:resource
GET,/admin/rest_users,RestUserController,index,admin:resource
POST,/admin/rest_users,RestUserController,store,admin:resource
GET,/admin/rest_users/{id},RestUserController,show,admin:resource
PUT,/admin/rest_users/{id},RestUserController,update,admin:resource
PATCH,/admin/rest_users/{id},RestUserController,update,admin:resource
DELETE,/admin/rest_users/{id},RestUserController,destroy,admin:resource
GET,/admin/rest_roles,RestRoleController,index,admin:resource
POST,/admin/rest_roles,RestRoleController,store,admin:resource
GET,/admin/rest_roles/{id},RestRoleController,show,admin:resource
PUT,/admin/rest_roles/{id},RestRoleController,update,admin:resource
PATCH,/admin/rest_roles/{id},RestRoleController,update,admin:resource
DELETE,/admin/rest_roles/{id},RestRoleController,destroy,admin:resource
GET,/admin/rest_role_hierarchies,RestRoleHierarchyController,index,admin:resource
POST,/admin/rest_role_hierarchies,RestRoleHierarchyController,store,admin:resource
GET,/admin/rest_role_hierarchies/{id},RestRoleHierarchyController,show,admin:resource
PUT,/admin/rest_role_hierarchies/{id},RestRoleHierarchyController,update,admin:resource
PATCH,/admin/rest_role_hierarchies/{id},RestRoleHierarchyController,update,admin:resource
DELETE,/admin/rest_role_hierarchies/{id},RestRoleHierarchyController,destroy,admin:resource
GET,/admin/rest_territories,RestTerritoryController,index,admin:resource
POST,/admin/rest_territories,RestTerritoryController,store,admin:resource
GET,/admin/rest_territories/{id},RestTerritoryController,show,admin:resource
PUT,/admin/rest_territories/{id},RestTerritoryController,update,admin:resource
PATCH,/admin/rest_territories/{id},RestTerritoryController,update,admin:resource
DELETE,/admin/rest_territories/{id},RestTerritoryController,destroy,admin:resource
GET,/admin/incentive_department,RestIncentiveDepartmentController,index,admin:resource
POST,/admin/incentive_department,RestIncentiveDepartmentController,store,admin:resource
GET,/admin/incentive_department/{id},RestIncentiveDepartmentController,show,admin:resource
PUT,/admin/incentive_department/{id},RestIncentiveDepartmentController,update,admin:resource
PATCH,/admin/incentive_department/{id},RestIncentiveDepartmentController,update,admin:resource
DELETE,/admin/incentive_department/{id},RestIncentiveDepartmentController,destroy,admin:resource
GET,/admin/incentive_matrix,RestIncentiveController,index,admin:resource
POST,/admin/incentive_matrix,RestIncentiveController,store,admin:resource
GET,/admin/incentive_matrix/{id},RestIncentiveController,show,admin:resource
PUT,/admin/incentive_matrix/{id},RestIncentiveController,update,admin:resource
PATCH,/admin/incentive_matrix/{id},RestIncentiveController,update,admin:resource
DELETE,/admin/incentive_matrix/{id},RestIncentiveController,destroy,admin:resource
GET,/ai_email_report,EmailReaderController,index,api_key
GET,/send_reminder,RestHomeController,send_reminder,auth_or_public
POST,/fcm_update,LoginController,updateFCMToken,auth_or_public
GET,/check_tenant_activity,LoginController,check_tenant_activity,auth_or_public
GET,/config-webhook,ChatBotController,configureWebhook,auth_or_public
POST,/login,LoginController,login,auth_or_public
POST,/logout_all,LoginController,logout_all,auth_or_public
POST,/access_login,LoginController,accessAccount,auth_or_public
POST,/UserPasswordReset,ForgotPasswordController,sendResetEmail,auth_or_public
GET,/rest_files_preview/{id},RestFileController,previewFile,auth_or_public
GET,/rest_files_public_url/{encrypted_id},RestFileController,browsePublicLink,auth_or_public
POST,/verify/normal_email/resend,RegisterController,normalResendVerificationEmail,auth_or_public
GET,/pdf_response,NewItineraryPdfController,pdf_response,auth_or_public
GET,/pdf_response_app,NewItineraryPdfController,pdf_response_app,auth_or_public
POST,/chat-bot,ChatBotController,listenToReplies,auth_or_public
POST,/chat-bot-test,ChatBotController,testreplies,auth_or_public
GET,/get-all-templates,ChatBotController,getallTemplate,auth_or_public
POST,/createTemplate,ChatBotController,createTemplate,auth_or_public
POST,/deleteTemplate,ChatBotController,deleteTemplate,auth_or_public
POST,/send-whatsapp-message,ChatBotController,sendWhatsAppMessageApi,auth_or_public
POST,/check-valid-whatsapp-user,ChatBotController,checkValidWhatsappno,auth_or_public
GET,/get-whatsapp-messages,ChatBotController,getWhatsappMessage,auth_or_public
POST,/send-whatsapp-media,ChatBotController,uploadMedia,auth_or_public
POST,/get-media,ChatBotController,getMedia,auth_or_public
POST,/capture_lead,RestHomeController,captureLead,auth_or_public
POST,/check_capture_leads,RestHomeController,checkCaptureLeads,auth_or_public
POST,/check_capture_leads_ref_id,RestHomeController,checkCaptureLeadsRefId,auth_or_public
POST,/capture_lead_facebook,RestHomeController,captureLeadFacebook,auth_or_public
POST,/get_facebook_token,RestHomeController,getFacebookToken,auth_or_public
GET,/get_tenant_user_details,RestHomeController,tenantUserDetails,auth_or_public
POST,/automatic_capture,RestHomeController,saveAutomaticFbLead,auth_or_public
GET,/automatic_lock,RestOpportunityController,automaticOppoLocked,auth_or_public
GET,/opportunity_lock/{id},RestOpportunityController,oppoLocked,auth_or_public
POST,/operation_assessment,RestOperationAssessmentController,operationAssessment,auth_or_public
GET,/php_info,,closure,auth_or_public
GET,/v1/suppliers,RestOpportunityController,getSuppliersNode,auth_or_public
GET,/v1/sources,RestOpportunityController,getSourcesNode,auth_or_public
GET,/v1/source_media,RestOpportunityController,getSourceMediaNode,auth_or_public
GET,/v1/sales_stages,RestOpportunityController,getSalesStageNode,auth_or_public
GET,/v1/opportunity_views,RestOpportunityController,getOpportunityViewNode,auth_or_public
GET,/v1/opportunity_tags,RestOpportunityController,getOpportunityTagNode,auth_or_public
GET,/v1/inclusions,RestOpportunityController,getInclusionsNode,auth_or_public
GET,/v1/experiences,RestOpportunityController,getExperiencesNode,auth_or_public
GET,/v1/account_types,RestOpportunityController,getAccountTypeNode,auth_or_public
GET,/v1/additional_fields_opportunities,RestOpportunityController,getAdditionalFieldsOpportunities,auth_or_public
GET,/v1/operators,RestOpportunityController,getOperators,auth_or_public
GET,/v1/opportunity_columns,RestOpportunityController,getOpportunityColumns,auth_or_public
GET,/v1/users,RestOpportunityController,getAllUser,auth_or_public
GET,/v1/destinations,RestOpportunityController,getAllDestinations,auth_or_public
GET,/v1/countries,RestOpportunityController,getAllCountries,auth_or_public
GET,/v1/states,RestOpportunityController,getAllStates,auth_or_public
GET,/v1/cities,RestOpportunityController,getAllCities,auth_or_public
GET,/v1/opportunities,RestOpportunityController,index,auth_or_public
GET,/v1/opportunities/pipeline,RestOpportunityController,myPipelineOpportunities,auth_or_public
GET,/countries_opportunities_updated,RestOpportunityController,opportunityCountriesSync,auth_or_public
GET,/exp_opp,RestOpportunityController,exp_opp,auth_or_public
GET,/exp_opp_state,RestOpportunityController,exp_opp_state,auth_or_public
GET,/view_notification,RestTaskController,view_notification,auth_or_public
GET,/check_notification,RestTaskController,check_notification,auth_or_public
GET,/all_notification,RestTaskController,all_notifications,auth_or_public
GET,/get_all_notification,RestTaskController,get_all_notification,auth_or_public
GET,/get_s3_url,RestHomeController,get_s3_url,auth_or_public
GET,/search_country,RestSupplierController,searchCountry,auth_or_public
POST,/save_opp_schedule,RestOpportunityController,addPaymentSchedule,auth_or_public
POST,/save_opp_schedule_received,RestOpportunityController,addPaymentScheduleReceived,auth_or_public
GET,/logout,RegisterController,logoutApi,auth_or_public
GET,/pull_leads_fb,RestHomeController,pullLeadFb,auth_or_public
GET,/delete_external_lead/{id},RestHomeController,deleteExternalLead,auth_or_public
POST,/save_fb_leads,RestHomeController,convertFBIntoLead,auth_or_public
GET,/check_tenant_fb,RestHomeController,checkTenantFb,auth_or_public
GET,/rest_user_activities,RestHomeController,restUserActivities,auth_or_public
GET,/rest_dashboard,RestHomeController,restDashboard,auth_or_public
GET,/rest_leader_board,RestHomeController,leaderBoard,auth_or_public
GET,/rest_leader_board-user,RestIncentiveBoardController,userBoard,auth_or_public
POST,/save_quick_links,RestHomeController,save_quick_links,auth_or_public
POST,/delete_quick_links,RestHomeController,delete_quick_links,auth_or_public
GET,/team_sales_target,RestHomeController,teamSalesTarget,auth_or_public
GET,/get_oppo_dashboard,RestHomeController,getOppoDashboard,auth_or_public
GET,/get_bd_oppo_dashboard,RestHomeController,getBdOppDashboard,auth_or_public
GET,/get_bd_dashboard_today_oppo,RestHomeController,getBdOppDashboardTodayOppo,auth_or_public
GET,/get_bd_dashboard_today_revenue,RestHomeController,getBdOppDashboardTodayRevenue,auth_or_public
GET,/get_bd_dashboard_tomorrow_dep,RestHomeController,getBdOppDashboardTomorrow,auth_or_public
GET,/get_bd_opp_graph_performance,RestHomeController,getBdOppGraphPerformance,auth_or_public
GET,/get_bd_user_detail,RestHomeController,bdUser,auth_or_public
GET,/get_my_oppo_dashboard,RestHomeController,getMyOppoDashboard,auth_or_public
GET,/opp_graph_performance,RestHomeController,opp_graph_performance,auth_or_public
GET,/opp_graph_performance_test,RestHomeController,opp_graph_performance_test,auth_or_public
GET,/stage_percentage,RestHomeController,stage_percentage,auth_or_public
GET,/get_bd_stage_oppo_percentage,RestHomeController,getBdStageOppoPercentage,auth_or_public
GET,/team_performance,RestHomeController,team_performance,auth_or_public
POST,/set_user_target,RestHomeController,set_user_target,auth_or_public
GET,/get_directory,RestHomeController,getDirectory,auth_or_public
GET,/get_user_status,RestHomeController,getUserStatus,auth_or_public
POST,/update_user_status,RestHomeController,updateUserStatus,auth_or_public
GET,/directory_check,RestHomeController,checkUserStatus,auth_or_public
GET,/login_logs,RestHomeController,loginLogs,auth_or_public
POST,/rest_monthly_performance,RestMonthlyPerformance,setTarget,auth_or_public
GET,/rest_search_modules,RestSearchModuleController,getSearchModules,auth_or_public
POST,/rest_search_modules_post,RestSearchModuleController,postSearchModules,auth_or_public
GET,/countries,RestCountryState,getCountries,auth_or_public
POST,/states,RestCountryState,getStates,auth_or_public
POST,/cities,RestCountryState,getCities,auth_or_public
GET,/operators,AccountViewController,getOperators,auth_or_public
POST,/status_update_additional_field,AdditionalFieldAccountController,status_update,auth_or_public
POST,/mandatory_update_additional_field,AdditionalFieldAccountController,mandatory_update,auth_or_public
GET,/rest_addfield_accounts_active,AdditionalFieldAccountController,showActiveFields,auth_or_public
GET,/rest_addfield_suppliers_active,AdditionalFieldSupplierController,showActiveFields,auth_or_public
POST,/rest_dynamic_email_template_column,RestEmailTemplateController,getDyanmicColumnInEmailTemplate,auth_or_public
GET,/rest_accounts_search,RestAccountController,searchAccount,auth_or_public
GET,/rest_accounts_address/{id},RestAccountController,addressToContact,auth_or_public
POST,/rest_accounts/search,RestAccountController,search,auth_or_public
POST,/rest_accounts/single_column,RestAccountController,singleColumnUpdate,auth_or_public
POST,/rest_merge_accounts_compare,RestAccountMergeController,AccountCompare,auth_or_public
GET,/rest_merge_accounts_search,RestAccountMergeController,search,auth_or_public
POST,/rest_supplier_filters,SupplierViewController,postFilter,auth_or_public
PUT,/rest_supplier/update/{id},RestSupplierController,update,auth_or_public
GET,/rest_supplier_search,RestSupplierController,searchSupplier,auth_or_public
GET,/rest_supplier_address/{id},RestSupplierController,addressToContact,auth_or_public
POST,/rest_supplier/search,RestSupplierController,search,auth_or_public
POST,/rest_supplier/single_column,RestSupplierController,singleColumnUpdate,auth_or_public
GET,/rest_standard_fields_account,StandardFieldSupplierController,restStandardFieldsSupplier,auth_or_public
POST,/sort_accounts_st_fields,StandardFieldSupplierController,sort_fields,auth_or_public
GET,/rest_standard_fields_account_admin,StandardFieldSupplierController,restStandardFieldsSupplierAdmin,auth_or_public
GET,/edit_account_standard_fields/{id},StandardFieldSupplierController,editSupplierStandardField,auth_or_public
POST,/update_account_standard_fields/{id},StandardFieldSupplierController,updateSupplierStandardField,auth_or_public
POST,/update_account_standard_fields_status/{id},StandardFieldSupplierController,updateSupplierStandardFieldActivationStatus,auth_or_public
POST,/update_account_standard_fields_mandatory/{id},StandardFieldSupplierController,updateSupplierStandardFieldMandatory,auth_or_public
POST,/rest_accounts_change_owner,RestAccountController,changeOwner,auth_or_public
POST,/rest_contacts_change_owner,RestContactController,changeOwner,auth_or_public
POST,/rest_personal_accounts_change_owner,RestPersonalAccountController,changeOwner,auth_or_public
POST,/rest_suppliers_change_owner,RestSupplierController,changeOwner,auth_or_public
POST,/rest_leads_change_owner,RestLeadController,changeOwner,auth_or_public
POST,/rest_leads_delete_multiple,RestLeadController,deleteMultiple,auth_or_public
POST,/rest_leads_change_owner_multiple,RestLeadController,changeOwnerMultiple,auth_or_public
GET,/rest_users,RestLeadController,usersAll,auth_or_public
POST,/send-whatsapp-message,ChatBotController,sendWhatsAppMessageApi,auth_or_public
POST,/send-whatsapp-template,ChatBotController,sendWhatsAppTemplate,auth_or_public
POST,/rest_contacts_filters,ContactViewController,postFilter,auth_or_public
GET,/rest_addfield_contacts_active,AdditionalFieldContactController,showActiveFields,auth_or_public
GET,/rest_addfield_leads_active,AdditionalFieldLeadController,showActiveFields,auth_or_public
POST,/rest_pin_views_opp,PinViewController,pin_view_opp,auth_or_public
POST,/rest_unpin_views_opp,PinViewController,unpin_opp,auth_or_public
POST,/rest_pin_views_account,PinViewController,pin_view_account,auth_or_public
POST,/rest_pin_views_supplier,PinViewController,pin_view_supplier,auth_or_public
POST,/rest_unpin_views_account,PinViewController,unpin_account,auth_or_public
POST,/rest_unpin_views_supplier,PinViewController,unpin_supplier,auth_or_public
POST,/rest_pin_views_contact,PinViewController,pin_view_contact,auth_or_public
POST,/rest_unpin_views_contact,PinViewController,unpin_contact,auth_or_public
POST,/rest_pin_views_pa,PinViewController,pin_view_pa,auth_or_public
POST,/rest_unpin_views_pa,PinViewController,unpin_pa,auth_or_public
POST,/rest_pin_views_lead,PinViewController,pin_view_lead,auth_or_public
POST,/rest_unpin_views_lead,PinViewController,unpin_lead,auth_or_public
GET,/rest_opps_mypipeline,MyPipelineController,myPipeLine,auth_or_public
GET,/rest_tasks/sort/{type},RestTaskController,taskSort,auth_or_public
POST,/rest_tasks_contacts,RestTaskController,getContact,auth_or_public
POST,/rest_tasks/single_column,RestTaskController,singleColumnUpdate,auth_or_public
GET,/rest_follow_up_tasks/{rest_task},RestTaskController,followUpTasks,auth_or_public
POST,/rest_personal_accounts_filters,PersonalAccountViewController,postFilter,auth_or_public
GET,/rest_addfield_pa_a,AdditionalFieldPersonalAccountController,showActiveFields,auth_or_public
GET,/lead_counter,RestLeadController,leadCounter,auth_or_public
POST,/rest_leads/single_column,RestLeadController,singleColumnUpdate,auth_or_public
GET,/rest_leads_status,RestLeadController,getLeadStatus,auth_or_public
POST,/rest_leads_status,RestLeadController,PostLeadStatus,auth_or_public
GET,/get_fb_leads,RestLeadController,getFbLeads,auth_or_public
POST,/rest_leads_filters,LeadViewController,postFilter,auth_or_public
GET,/rest_leads/convert/{id},RestLeadController,getLeadConvert,auth_or_public
POST,/rest_leads/convert,RestLeadController,postLeadConvert,auth_or_public
POST,/rest_leads/convertToOpportunities,RestLeadController,leadConvertIntoOpportunities,auth_or_public
POST,/rest_email_image,RestFileController,emailImageUpload,auth_or_public
POST,/rest_email_image_editor,RestFileController,emailImageUploadEditor,auth_or_public
GET,/rest_leads_s_emails,RestLeadController,searchEmail,auth_or_public
POST,/opportunities_shifed,RestOpportunityController,opportunityShifted,auth_or_public
GET,/rest_opportunities_support,RestOpportunityController,opportunitySupport,auth_or_public
GET,/bd_opportunities_view,NewBdOpportunityController,dropViewOpportunity,auth_or_public
GET,/bd_opportunities_columns/{id},NewBdOpportunityController,changeColumns,auth_or_public
POST,/opportunities_inclusions/{id},RestOpportunityController,updateInclusions,auth_or_public
POST,/opp_incl_supp_amt,RestOpportunityController,oppInclSuppListUpdate,auth_or_public
GET,/get_user_today_pipeline/{user_id},RestOpportunityController,get_user_today_pipeline,auth_or_public
POST,/change_key_deals,RestOpportunityController,change_key_deals,auth_or_public
POST,/checked_opportunity,RestOpportunityController,checkedOpportunity,auth_or_public
POST,/opportunity_teams,RestOpportunityController,opportunityTeamSave,auth_or_public
POST,/departure_details,RestOpportunityController,departureDetails,auth_or_public
POST,/departure_hold,RestOpportunityController,departureHolds,auth_or_public
POST,/departure_hold_book,RestOpportunityController,departureHoldBook,auth_or_public
POST,/agent_departures,RestOpportunityController,agentDepartures,auth_or_public
POST,/departure_book,RestOpportunityController,departureBook,auth_or_public
POST,/operation_owner_change,RestOpportunityController,operationOwnerChange,auth_or_public
POST,/send_rfq,RestOpportunityController,sendRfq,auth_or_public
GET,/rest_addfield_o_a,AdditionalFieldOpportunityController,showActiveFields,auth_or_public
GET,/admin_addfield_o_a,AdditionalFieldOpportunityController,showAdminActiveFields,auth_or_public
GET,/get_tour_create,TourItineraryController,createData,auth_or_public
GET,/get_tour_name,TourItineraryController,getTourNames,auth_or_public
POST,/rest_itineraries_copy,ItineraryController,copyItinerary,auth_or_public
POST,/delete_itinerary,ItineraryController,deleteItinerary,auth_or_public
POST,/updateTransfer,TourScheduleItemController,updateTransfer,auth_or_public
POST,/copyTourItinerary,TourItineraryController,copyTourItinerary,auth_or_public
POST,/add_inclision_exclusion_tour,TourItineraryController,addInclisionExclusion,auth_or_public
POST,/add_itinerary_setting_tour,TourItineraryController,addItinerarySettings,auth_or_public
GET,/itinerary_flights_details_tour/{id},TourItineraryController,itineraryFlightsDetails,auth_or_public
POST,/search_hotel_tour,TourItineraryHotelController,search_hotel,auth_or_public
POST,/search_flight_tour,TourItineraryFlightController,search_flights,auth_or_public
POST,/send_itinerary_email_tour,TourItineraryController,send_itinerary_email,auth_or_public
GET,/get_itineraries_price/{id},TourItineraryController,getItineraryPrice,auth_or_public
POST,/update_itineraries_price/{id},TourItineraryController,updateItineraryPrice,auth_or_public
GET,/gen_proforma_invoices/{id},ProformaInvoiceController,genPerformaInvoice,auth_or_public
POST,/rest_opportunities_contacts,RestOpportunityController,getContact,auth_or_public
GET,/rest_contacts_search,RestContactController,searchContact,auth_or_public
GET,/rest_personal_accounts_search,RestPersonalAccountController,searchPersonalAccount,auth_or_public
GET,/rest_personal_accounts_dynamic/{id},RestPersonalAccountController,idToName,auth_or_public
POST,/rest_tasks_filters,TaskViewController,postFilter,auth_or_public
GET,/rest_files_new,RestFileController,ownedByMe,auth_or_public
GET,/rest_share_files_new,RestShareController,sharedWithMe,auth_or_public
POST,/rest_files_new/{id},RestFileController,updateNewVersion,auth_or_public
GET,/rest_files_download/{id},RestFileController,downlaod,auth_or_public
GET,/recent_files_all,RestFileController,recentFileAll,auth_or_public
GET,/rest_files_display/{encrypted_id},RestFileController,displayFile,auth_or_public
GET,/rest_shared_files_by_admin,RestShareController,sharedByAdmin,auth_or_public
POST,/rest_share_folder,RestShareController,shareFolder,auth_or_public
GET,/rest_share_folder_list,RestFileFolderController,shareFolderList,auth_or_public
GET,/rest_shared_files_by_admin_new,RestShareController,sharedByAdminFileFolder,auth_or_public
GET,/file_delete/{id},RestFileController,deleteFile,auth_or_public
GET,/folder_delete/{id},RestFileFolderController,deleteFolder,auth_or_public
GET,/rest_files_public_link/{id},RestFileController,getPublicLink,auth_or_public
GET,/rest_files_public_url/{encrypted_id},RestFileController,browsePublicLink,auth_or_public
GET,/get_all_inclusions,ItinerarynewController,getAllInclusions,auth_or_public
POST,/update_day_inclusions,ItinerarynewController,update_day_inclusions,auth_or_public
POST,/format_data_export,RestReportController,format_data_export,auth_or_public
GET,/search_itinerary,ItinerarynewController,searchItinerary,auth_or_public
POST,/send_itinerary_email,ItinerarynewController,send_itinerary_email,auth_or_public
POST,/rest_st_report,RestStandardReportController,standardReportUpdate,auth_or_public
POST,/user_st_report,RestStandardReportController,userStandardReportUpdate,auth_or_public
POST,/user_st_report_oppo,RestStandardReportController,usersStandardReportUpdate,auth_or_public
POST,/user_st_report_oppo_d_i,RestStandardReportController,opportunityDomesInter,auth_or_public
POST,/user_st_report_oppo_d_i_pipeline,RestStandardReportController,opportunityDomesInterParts,auth_or_public
POST,/user_st_report_oppo_country,RestStandardReportController,opportunityCountry,auth_or_public
POST,/active_user_report,RestStandardReportController,activeUserReport,auth_or_public
POST,/account_contact_report,RestStandardReportController,accountContactReport,auth_or_public
POST,/leads_report,RestStandardReportController,leadReportGen,auth_or_public
GET,/email_client/emails,RestHomeController,emails,auth_or_public
GET,/email_client_seen,RestHomeController,seen_flag,auth_or_public
POST,/get_lat_long,RestHomeController,getLatLong,auth_or_public
POST,/rest_profiles_update_password,RestProfileController,updatePassword,auth_or_public
POST,/create_mail_setup,RestProfileController,smtpStore,auth_or_public
POST,/rest_email_footer_user,RestEmailFooterUserController,storeEFUser,auth_or_public
POST,/rest_avatars/upload,RestProfileController,postProfileImage,auth_or_public
POST,/rest_banners/upload,RestProfileController,postBannerImage,auth_or_public
GET,/admin_addfield_accounts_active,AdditionalFieldAccountController,showAdminActiveFields,auth_or_public
GET,/admin_addfield_suppliers_active,AdditionalFieldSupplierController,showAdminActiveFields,auth_or_public
GET,/admin_addfield_contacts_active,AdditionalFieldContactController,showAdminActiveFields,auth_or_public
GET,/rest_addfield_contacts_active,AdditionalFieldContactController,showActiveFields,auth_or_public
GET,/admin_addfield_pa_a,AdditionalFieldPersonalAccountController,showAdminActiveFields,auth_or_public
GET,/admin_addfield_leads_active,AdditionalFieldLeadController,showAdminActiveFields,auth_or_public
GET,/check_tenant_subscription,LoginController,CheckTenantSubscription,auth_or_public
POST,/rest_reports/reportable_type,RestReportController,reportFilter,auth_or_public
POST,/report_clone,RestReportController,report_clone,auth_or_public
GET,/rest_reports_created_by_me,RestReportController,createdByMeReports,auth_or_public
GET,/rest_private_reports,ReportFolderController,privateReports,auth_or_public
GET,/rest_public_reports,ReportFolderController,publicReports,auth_or_public
POST,/rest_report_previews,RestReportPreviewController,reportPreview,auth_or_public
GET,/rest_folders_created_by_me,ReportFolderController,createdByMeFolders,auth_or_public
GET,/rest_dashboard_m,DashboardMobileController,restDashboard,auth_or_public
GET,/rest_user_activities_m,RestHomeController,restUserActivities,auth_or_public
GET,/rest_accounts_search_m,RestAccountMobileController,searchAccount,auth_or_public
POST,/rest_accounts_change_owner_m,RestAccountMobileController,changeOwner,auth_or_public
POST,/rest_contacts_change_owner_m,RestContactMobileController,changeOwner,auth_or_public
POST,/rest_opportunities_change_owner_m,RestOpportunityMobileController,changeOwner,auth_or_public
POST,/rest_opportunities_sales_stages_m,RestOpportunityMobileController,PostSalesStage,auth_or_public
POST,/rest_leads_change_owner_m,RestLeadMobileController,changeOwner,auth_or_public
POST,/storeToken,AppTokenMobileController,storeToken,auth_or_public
GET,/rest_leads_s_emails,RestLeadController,searchEmail,auth_or_public
GET,/rest_accounts_s_emails,RestAccountController,searchEmail,auth_or_public
GET,/rest_contacts_s_emails,RestContactController,searchEmail,auth_or_public
GET,/rest_personal_accounts_s_emails,RestPersonalAccountController,searchEmail,auth_or_public
GET,/rest_oppportunities_s_emails,RestOpportunityController,searchEmail,auth_or_public
GET,/rest_conversations,ConversationsController,conversations,auth_or_public
GET,/rest_standard_fields_opp,StandardFieldOpportunityController,restStandardFieldsOpp,auth_or_public
POST,/sort_opportunities_st_fields,StandardFieldOpportunityController,sort_fields,auth_or_public
GET,/rest_standard_fields_account,StandardFieldAccountController,restStandardFieldsAccount,auth_or_public
POST,/sort_accounts_st_fields,StandardFieldAccountController,sort_fields,auth_or_public
GET,/rest_standard_fields_contact,StandardFieldContactController,restStandardFieldsContact,auth_or_public
POST,/sort_contacts_st_fields,StandardFieldContactController,sort_fields,auth_or_public
GET,/rest_standard_fields_lead,StandardFieldLeadController,restStandardFieldsLead,auth_or_public
POST,/sort_leads_st_fields,StandardFieldLeadController,sort_fields,auth_or_public
GET,/rest_standard_fields_personal_account,StandardFieldPersonalAccountController,restStandardFieldsPersonalAccount,auth_or_public
POST,/sort_personal_accounts_st_fields,StandardFieldPersonalAccountController,sort_fields,auth_or_public
GET,/hotel_list/{id},ItineraryHotelController,hotelList,auth_or_public
POST,/image_to_b64,ItineraryHotelController,convertBase64,auth_or_public
POST,/sort_accounts_fields,AdditionalFieldAccountController,sort_fields,auth_or_public
POST,/sort_suppliers_fields,AdditionalFieldSupplierController,sort_fields,auth_or_public
POST,/sort_leads_fields,AdditionalFieldLeadController,sort_fields,auth_or_public
GET,/rest_addfield_leads_active,AdditionalFieldLeadController,showActiveFields,auth_or_public
GET,/admin_addfield_leads_active,AdditionalFieldLeadController,showAdminActiveFields,auth_or_public
GET,/googleAuth,GoogleController,googleAuth,auth_or_public
POST,/fetch_mail,GoogleController,fetch_mail,auth_or_public
POST,/get_mail,GoogleController,get_mail,auth_or_public
POST,/setup_gmail,GoogleController,setup_gmail,auth_or_public
POST,/remove_gmail,GoogleController,remove_gmail,auth_or_public
POST,/get_gmail_token,GoogleController,get_gmail_token,auth_or_public
POST,/send_mail_gmail,GoogleController,send_mail_gmail,auth_or_public
POST,/get_attachment,GoogleController,get_attachment,auth_or_public
POST,/get_singleMail,GoogleController,getMesageDetail,auth_or_public
POST,/search_gmail,GoogleController,Search,auth_or_public
POST,/shync-gmail,GoogleController,gmailSync,auth_or_public
POST,/gmail-testing,GoogleController,test,auth_or_public
GET,/user_plan_modules/{product_id},LoginController,userPlanModules,auth_or_public
GET,/itinerary_pdf/{id},ItineraryPDFController,itineraryPDF,auth_or_public
GET,/rest_sample_download/{type},sampleFileController,downlaodSample,auth_or_public
GET,/rest_users_all,RestLeadController,usersAllTest,auth_or_public
POST,/create-product,subscriptionController,CreateProduct,auth_or_public
POST,/create-plan-byproductid,subscriptionController,CreatePlanByProductId,auth_or_public
POST,/create-user,subscriptionController,Createuser,auth_or_public
POST,/create-customer-with-subscription,subscriptionController,CreateCustomerwithSubsccription,auth_or_public
GET,/get-existing-users,subscriptionController,gerExitingUser,auth_or_public
GET,/get-product-list,subscriptionController,ProductList,auth_or_public
POST,/create-subscription-for-existing-user,subscriptionController,CreateSubscriptionExistingUser,auth_or_public
POST,/getUserCheckoutDetail,subscriptionController,getcheckoutUserDetail,auth_or_public
GET,/get-product,subscriptionController,getproduct,auth_or_public
POST,/get-plans,subscriptionController,getplanBYproductid,auth_or_public
POST,/get-single-plan,subscriptionController,getsingleplan,auth_or_public
GET,/subscription_update,subscriptionController,subscriptionUpdate,auth_or_public
GET,/subscription_upgrade,subscriptionController,upgradesubscription,auth_or_public
POST,/check-user-create,subscriptionController,register,auth_or_public
GET,/check-user-exception,subscriptionController,CheckUserException,auth_or_public
POST,/rest_ledger_account,LedgerAccountController,store,auth_or_public
POST,/rest_ledger_account_edit,LedgerAccountController,editStore,auth_or_public
POST,/rest_opportunities_change_owner,RestOpportunityController,changeOwner,auth_or_public
GET,/rest_oppo_search,RestOpportunityController,searchOpp,auth_or_public
GET,/show_opp_det/{id},RestOpportunityController,show_opp_det,auth_or_public
GET,/rest_opp_itinerary_create,ItineraryController,oppCreateItinerary,auth_or_public
POST,/rest_opp_itinerary_attach,ItineraryController,oppAttachItinerary,auth_or_public
POST,/header_footer_type,HeaderFooterController,headerFooterType,auth_or_public
POST,/itinerary_banner_image,ItineraryController,bannerImage,auth_or_public
GET,/rest_profinvoice_download,ProformaInvoiceController,downloadProformaInvoice,auth_or_public
POST,/rest_profinvoice_email,ProformaInvoiceController,sendEmail,auth_or_public
POST,/sort_contacts_fields,AdditionalFieldContactController,sort_fields,auth_or_public
POST,/sort_personal_accounts_fields,AdditionalFieldPersonalAccountController,sort_fields,auth_or_public
POST,/sort_opportunities_fields,AdditionalFieldOpportunityController,sort_fields,auth_or_public
GET,/rest_itinerary_destinations,RestTimeZoneController,destinations,auth_or_public
GET,/rest_itinerary_timezones,RestTimeZoneController,timezones,auth_or_public
GET,/search_itinerary_new,ItinerarynewController,searchItineraryNew,auth_or_public
GET,/itinerary_flights_details/{id},ItinerarynewController,itineraryFlightsDetails,auth_or_public
POST,/rest_itinerary_flights_modify,ItineraryFlightController,itineraryFlightsModify,auth_or_public
GET,/testing_purpose/{id},ItineraryHotelController,testingPurpose,auth_or_public
GET,/itinerary_pdf_new/{itinerary_type}/{id}/{template_id}/{template_type_id},NewItineraryPdfController,itineraryPDF,auth_or_public
GET,/call_pdf,NewItineraryPdfController,callPdf,auth_or_public
GET,/check_pdf_status,NewItineraryPdfController,checkStatusPdf,auth_or_public
GET,/itinerary_publish_html/{id}/{template_id}/{template_type_id},NewItineraryPdfController,itineraryHtml,auth_or_public
POST,/save_voucher/{id},RestOpportunityController,saveVoucher,auth_or_public
POST,/update_voucher/{id},RestOpportunityController,updateVoucher,auth_or_public
GET,/generate_voucher/{id},RestOpportunityController,genVoucher,auth_or_public
GET,/delete_voucher/{id},RestOpportunityController,deleteVoucher,auth_or_public
POST,/search_flight,ItineraryFlightController,search_flights,auth_or_public
POST,/send_itinerary_email,ItinerarynewController,send_itinerary_email,auth_or_public
POST,/update_day_destinations,ItinerarynewController,update_day_destinations,auth_or_public
POST,/update_day_descriptions,ItinerarynewController,update_day_descriptions,auth_or_public
GET,/rest_accounts_list,RestAccountController,parentAccounts,auth_or_public
GET,/rest_field_lists,RestHomeController,fetchFieldList,auth_or_public
GET,/rest_leads_export/{type},RestLeadController,downloadGet,auth_or_public
POST,/rest_leads_import,RestLeadController,importMapPost,auth_or_public
GET,/rest_accounts_export/{type},RestAccountController,downloadGet,auth_or_public
POST,/rest_accounts_import,RestAccountController,importMapPost,auth_or_public
GET,/rest_contacts_export/{type},RestContactController,downloadGet,auth_or_public
POST,/rest_contacts_import,RestContactController,importMapPost,auth_or_public
GET,/rest_personal_accounts_export/{type},RestPersonalAccountController,downloadGet,auth_or_public
POST,/rest_personal_accounts_import,RestPersonalAccountController,importMapPost,auth_or_public
POST,/rest_tasks_import,RestTaskController,importMapPost,auth_or_public
POST,/rest_opportunities_import,RestOpportunityController,importMapPost,auth_or_public
POST,/rest_opportunity_histories_import,RestOpportunityController,importHistoryMapPost,auth_or_public
GET,/rest_import_lead_sync,RestLeadController,leadSyncTableData,auth_or_public
GET,/get_all_users,RestUserController,getAllUsers,auth_or_public
GET,/get_all_active_users,RestUserController,getAllActiveUsers,auth_or_public
POST,/sort_sales_stages_fields,RestSalesStageController,sort_fields,auth_or_public
POST,/sort_task_statuses_fields,RestTaskStatusController,sort_fields,auth_or_public
GET,/rest_email_templates,RestEmailTemplateController,emailTemplatesFront,auth_or_public
POST,/rest_setup_mail,RestEmailController,setupEmail,auth_or_public
GET,/rest_shared_with_me_folders,ReportFolderController,getSharedWithMeFolders,auth_or_public
POST,/rest_share_folders,ReportFolderController,shareFolders,auth_or_public
POST,/rest_accounts_filters,AccountViewController,postFilter,auth_or_public
POST,/rest_accounts_additional_columns,AccountColumnController,update_additional_columns,auth_or_public
POST,/rest_oppo_additional_columns,OpportunityColumnController,update_additional_columns,auth_or_public
POST,/rest_leads_additional_columns,LeadColumnController,update_additional_columns,auth_or_public
POST,/rest_personal_accounts_additional_columns,PersonalAccountColumnController,update_additional_columns,auth_or_public
POST,/rest_contact_additional_columns,ContactColumnController,update_additional_columns,auth_or_public
POST,/rest_contacts/single_column,RestContactController,singleColumnUpdate,auth_or_public
POST,/rest_opportunities/single_column,RestOpportunityController,singleColumnUpdate,auth_or_public
GET,/rest_opportunities_sales_stages,RestOpportunityController,getSalesStage,auth_or_public
POST,/rest_opportunities_sales_stages,RestOpportunityController,PostSalesStage,auth_or_public
GET,/rest_opportunities_experiences,RestOpportunityController,getExperience,auth_or_public
POST,/rest_opportunities_filters,OpportunityViewController,postFilter,auth_or_public
POST,/rest_personal_accounts/single_column,RestPersonalAccountController,singleColumnUpdate,auth_or_public
POST,/rest_notes_add,RestSearchModuleController,rest_notes_add,auth_or_public
POST,/rest_notes_get,RestSearchModuleController,rest_notes_get,auth_or_public
GET,/rest_auto_users,RestUserController,autoAssignUsersIndex,auth_or_public
POST,/rest_auto_users_store,RestUserController,autoAssignUsersStore,auth_or_public
GET,/rest_auto_users_edit/{id},RestUserController,autoAssignUsersEdit,auth_or_public
PUT,/rest_auto_users_update/{id},RestUserController,autoAssignUsersUpdate,auth_or_public
DELETE,/rest_auto_users_delete/{id},RestUserController,autoAssignUsersDestroy,auth_or_public
GET,/get_user_report_performance,UserReportController,userReport,auth_or_public
POST,/user_opportunity_unlock,RestOpportunityController,oppoUnlock,auth_or_public
GET,/rest_bd_report_list,RestTerritoryController,reportList,auth_or_public
POST,/rest_bd_report_list,RestTerritoryController,reportDeatils,auth_or_public
POST,/team_reports,RestStandardReportController,teamReports,auth_or_public
POST,/report_lead_conversion,RestStandardReportController,leadConversionReport,auth_or_public
POST,/agent_departure_report,RestStandardReportController,agentDepartureReport,auth_or_public
GET,/agent_departure_booked/{id},RestOpportunityController,agentDepartureBooked,auth_or_public
GET,/user/incentive/monthly_target/history/{id},RestMonthIncentiveController,userMonthAchievement,auth_or_public
GET,/user/redeem_point/transaction/{id},RestMonthIncentiveController,userRedeemPointTransaction,auth_or_public
POST,/user/claim_point/transaction,RestMonthIncentiveController,userClaimTransaction,auth_or_public
POST,/opportunities-claimed,OpportunityClaimedConttroller,opportunitiesClaimed,auth_or_public
POST,/claimed-opportunities-reports,OpportunityClaimedConttroller,claimedOpportunitiesReports,auth_or_public
POST,/hand-over-opportunity,HandOverOpportunityController,handOverOpportunity,auth_or_public
GET,/rest_accounts_views,AccountViewController,index,auth_or_public:resource
POST,/rest_accounts_views,AccountViewController,store,auth_or_public:resource
GET,/rest_accounts_views/{id},AccountViewController,show,auth_or_public:resource
PUT,/rest_accounts_views/{id},AccountViewController,update,auth_or_public:resource
PATCH,/rest_accounts_views/{id},AccountViewController,update,auth_or_public:resource
DELETE,/rest_accounts_views/{id},AccountViewController,destroy,auth_or_public:resource
GET,/rest_suppliers_views,SupplierViewController,index,auth_or_public:resource
POST,/rest_suppliers_views,SupplierViewController,store,auth_or_public:resource
GET,/rest_suppliers_views/{id},SupplierViewController,show,auth_or_public:resource
PUT,/rest_suppliers_views/{id},SupplierViewController,update,auth_or_public:resource
PATCH,/rest_suppliers_views/{id},SupplierViewController,update,auth_or_public:resource
DELETE,/rest_suppliers_views/{id},SupplierViewController,destroy,auth_or_public:resource
GET,/rest_accounts_columns,AccountColumnController,index,auth_or_public:resource
POST,/rest_accounts_columns,AccountColumnController,store,auth_or_public:resource
GET,/rest_accounts_columns/{id},AccountColumnController,show,auth_or_public:resource
PUT,/rest_accounts_columns/{id},AccountColumnController,update,auth_or_public:resource
PATCH,/rest_accounts_columns/{id},AccountColumnController,update,auth_or_public:resource
DELETE,/rest_accounts_columns/{id},AccountColumnController,destroy,auth_or_public:resource
GET,/rest_email_templates,RestEmailTemplateController,index,auth_or_public:resource
POST,/rest_email_templates,RestEmailTemplateController,store,auth_or_public:resource
GET,/rest_email_templates/{id},RestEmailTemplateController,show,auth_or_public:resource
PUT,/rest_email_templates/{id},RestEmailTemplateController,update,auth_or_public:resource
PATCH,/rest_email_templates/{id},RestEmailTemplateController,update,auth_or_public:resource
DELETE,/rest_email_templates/{id},RestEmailTemplateController,destroy,auth_or_public:resource
GET,/rest_accounts,RestAccountController,index,auth_or_public:resource
POST,/rest_accounts,RestAccountController,store,auth_or_public:resource
GET,/rest_accounts/{id},RestAccountController,show,auth_or_public:resource
PUT,/rest_accounts/{id},RestAccountController,update,auth_or_public:resource
PATCH,/rest_accounts/{id},RestAccountController,update,auth_or_public:resource
DELETE,/rest_accounts/{id},RestAccountController,destroy,auth_or_public:resource
GET,/rest_merge_accounts,RestAccountMergeController,index,auth_or_public:resource
POST,/rest_merge_accounts,RestAccountMergeController,store,auth_or_public:resource
GET,/rest_merge_accounts/{id},RestAccountMergeController,show,auth_or_public:resource
PUT,/rest_merge_accounts/{id},RestAccountMergeController,update,auth_or_public:resource
PATCH,/rest_merge_accounts/{id},RestAccountMergeController,update,auth_or_public:resource
DELETE,/rest_merge_accounts/{id},RestAccountMergeController,destroy,auth_or_public:resource
GET,/rest_supplier_views,SupplierViewController,index,auth_or_public:resource
POST,/rest_supplier_views,SupplierViewController,store,auth_or_public:resource
GET,/rest_supplier_views/{id},SupplierViewController,show,auth_or_public:resource
PUT,/rest_supplier_views/{id},SupplierViewController,update,auth_or_public:resource
PATCH,/rest_supplier_views/{id},SupplierViewController,update,auth_or_public:resource
DELETE,/rest_supplier_views/{id},SupplierViewController,destroy,auth_or_public:resource
GET,/rest_supplier,RestSupplierController,index,auth_or_public:resource
POST,/rest_supplier,RestSupplierController,store,auth_or_public:resource
GET,/rest_supplier/{id},RestSupplierController,show,auth_or_public:resource
PUT,/rest_supplier/{id},RestSupplierController,update,auth_or_public:resource
PATCH,/rest_supplier/{id},RestSupplierController,update,auth_or_public:resource
DELETE,/rest_supplier/{id},RestSupplierController,destroy,auth_or_public:resource
GET,/rest_supplier_columns,SupplierColumnController,index,auth_or_public:resource
POST,/rest_supplier_columns,SupplierColumnController,store,auth_or_public:resource
GET,/rest_supplier_columns/{id},SupplierColumnController,show,auth_or_public:resource
PUT,/rest_supplier_columns/{id},SupplierColumnController,update,auth_or_public:resource
PATCH,/rest_supplier_columns/{id},SupplierColumnController,update,auth_or_public:resource
DELETE,/rest_supplier_columns/{id},SupplierColumnController,destroy,auth_or_public:resource
GET,/rest_contacts,RestContactController,index,auth_or_public:resource
POST,/rest_contacts,RestContactController,store,auth_or_public:resource
GET,/rest_contacts/{id},RestContactController,show,auth_or_public:resource
PUT,/rest_contacts/{id},RestContactController,update,auth_or_public:resource
PATCH,/rest_contacts/{id},RestContactController,update,auth_or_public:resource
DELETE,/rest_contacts/{id},RestContactController,destroy,auth_or_public:resource
GET,/rest_contacts_views,ContactViewController,index,auth_or_public:resource
POST,/rest_contacts_views,ContactViewController,store,auth_or_public:resource
GET,/rest_contacts_views/{id},ContactViewController,show,auth_or_public:resource
PUT,/rest_contacts_views/{id},ContactViewController,update,auth_or_public:resource
PATCH,/rest_contacts_views/{id},ContactViewController,update,auth_or_public:resource
DELETE,/rest_contacts_views/{id},ContactViewController,destroy,auth_or_public:resource
GET,/rest_contacts_columns,ContactColumnController,index,auth_or_public:resource
POST,/rest_contacts_columns,ContactColumnController,store,auth_or_public:resource
GET,/rest_contacts_columns/{id},ContactColumnController,show,auth_or_public:resource
PUT,/rest_contacts_columns/{id},ContactColumnController,update,auth_or_public:resource
PATCH,/rest_contacts_columns/{id},ContactColumnController,update,auth_or_public:resource
DELETE,/rest_contacts_columns/{id},ContactColumnController,destroy,auth_or_public:resource
GET,/rest_tasks,RestTaskController,index,auth_or_public:resource
POST,/rest_tasks,RestTaskController,store,auth_or_public:resource
GET,/rest_tasks/{id},RestTaskController,show,auth_or_public:resource
PUT,/rest_tasks/{id},RestTaskController,update,auth_or_public:resource
PATCH,/rest_tasks/{id},RestTaskController,update,auth_or_public:resource
DELETE,/rest_tasks/{id},RestTaskController,destroy,auth_or_public:resource
GET,/rest_tasks_columns,TaskColumnController,index,auth_or_public:resource
POST,/rest_tasks_columns,TaskColumnController,store,auth_or_public:resource
GET,/rest_tasks_columns/{id},TaskColumnController,show,auth_or_public:resource
PUT,/rest_tasks_columns/{id},TaskColumnController,update,auth_or_public:resource
PATCH,/rest_tasks_columns/{id},TaskColumnController,update,auth_or_public:resource
DELETE,/rest_tasks_columns/{id},TaskColumnController,destroy,auth_or_public:resource
GET,/rest_personal_accounts,RestPersonalAccountController,index,auth_or_public:resource
POST,/rest_personal_accounts,RestPersonalAccountController,store,auth_or_public:resource
GET,/rest_personal_accounts/{id},RestPersonalAccountController,show,auth_or_public:resource
PUT,/rest_personal_accounts/{id},RestPersonalAccountController,update,auth_or_public:resource
PATCH,/rest_personal_accounts/{id},RestPersonalAccountController,update,auth_or_public:resource
DELETE,/rest_personal_accounts/{id},RestPersonalAccountController,destroy,auth_or_public:resource
GET,/rest_bd_personal_accounts,RestBdPersonalAccountController,index,auth_or_public:resource
POST,/rest_bd_personal_accounts,RestBdPersonalAccountController,store,auth_or_public:resource
GET,/rest_bd_personal_accounts/{id},RestBdPersonalAccountController,show,auth_or_public:resource
PUT,/rest_bd_personal_accounts/{id},RestBdPersonalAccountController,update,auth_or_public:resource
PATCH,/rest_bd_personal_accounts/{id},RestBdPersonalAccountController,update,auth_or_public:resource
DELETE,/rest_bd_personal_accounts/{id},RestBdPersonalAccountController,destroy,auth_or_public:resource
GET,/rest_personal_accounts_views,PersonalAccountViewController,index,auth_or_public:resource
POST,/rest_personal_accounts_views,PersonalAccountViewController,store,auth_or_public:resource
GET,/rest_personal_accounts_views/{id},PersonalAccountViewController,show,auth_or_public:resource
PUT,/rest_personal_accounts_views/{id},PersonalAccountViewController,update,auth_or_public:resource
PATCH,/rest_personal_accounts_views/{id},PersonalAccountViewController,update,auth_or_public:resource
DELETE,/rest_personal_accounts_views/{id},PersonalAccountViewController,destroy,auth_or_public:resource
GET,/rest_personal_accounts_columns,PersonalAccountColumnController,index,auth_or_public:resource
POST,/rest_personal_accounts_columns,PersonalAccountColumnController,store,auth_or_public:resource
GET,/rest_personal_accounts_columns/{id},PersonalAccountColumnController,show,auth_or_public:resource
PUT,/rest_personal_accounts_columns/{id},PersonalAccountColumnController,update,auth_or_public:resource
PATCH,/rest_personal_accounts_columns/{id},PersonalAccountColumnController,update,auth_or_public:resource
DELETE,/rest_personal_accounts_columns/{id},PersonalAccountColumnController,destroy,auth_or_public:resource
GET,/rest_leads,RestLeadController,index,auth_or_public:resource
POST,/rest_leads,RestLeadController,store,auth_or_public:resource
GET,/rest_leads/{id},RestLeadController,show,auth_or_public:resource
PUT,/rest_leads/{id},RestLeadController,update,auth_or_public:resource
PATCH,/rest_leads/{id},RestLeadController,update,auth_or_public:resource
DELETE,/rest_leads/{id},RestLeadController,destroy,auth_or_public:resource
GET,/rest_leads_views,LeadViewController,index,auth_or_public:resource
POST,/rest_leads_views,LeadViewController,store,auth_or_public:resource
GET,/rest_leads_views/{id},LeadViewController,show,auth_or_public:resource
PUT,/rest_leads_views/{id},LeadViewController,update,auth_or_public:resource
PATCH,/rest_leads_views/{id},LeadViewController,update,auth_or_public:resource
DELETE,/rest_leads_views/{id},LeadViewController,destroy,auth_or_public:resource
GET,/rest_leads_columns,LeadColumnController,index,auth_or_public:resource
POST,/rest_leads_columns,LeadColumnController,store,auth_or_public:resource
GET,/rest_leads_columns/{id},LeadColumnController,show,auth_or_public:resource
PUT,/rest_leads_columns/{id},LeadColumnController,update,auth_or_public:resource
PATCH,/rest_leads_columns/{id},LeadColumnController,update,auth_or_public:resource
DELETE,/rest_leads_columns/{id},LeadColumnController,destroy,auth_or_public:resource
GET,/rest_emails,RestEmailController,index,auth_or_public:resource
POST,/rest_emails,RestEmailController,store,auth_or_public:resource
GET,/rest_emails/{id},RestEmailController,show,auth_or_public:resource
PUT,/rest_emails/{id},RestEmailController,update,auth_or_public:resource
PATCH,/rest_emails/{id},RestEmailController,update,auth_or_public:resource
DELETE,/rest_emails/{id},RestEmailController,destroy,auth_or_public:resource
GET,/rest_events,RestEventController,index,auth_or_public:resource
POST,/rest_events,RestEventController,store,auth_or_public:resource
GET,/rest_events/{id},RestEventController,show,auth_or_public:resource
PUT,/rest_events/{id},RestEventController,update,auth_or_public:resource
PATCH,/rest_events/{id},RestEventController,update,auth_or_public:resource
DELETE,/rest_events/{id},RestEventController,destroy,auth_or_public:resource
GET,/rest_opportunities_views,OpportunityViewController,index,auth_or_public:resource
POST,/rest_opportunities_views,OpportunityViewController,store,auth_or_public:resource
GET,/rest_opportunities_views/{id},OpportunityViewController,show,auth_or_public:resource
PUT,/rest_opportunities_views/{id},OpportunityViewController,update,auth_or_public:resource
PATCH,/rest_opportunities_views/{id},OpportunityViewController,update,auth_or_public:resource
DELETE,/rest_opportunities_views/{id},OpportunityViewController,destroy,auth_or_public:resource
GET,/rest_opportunities,RestOpportunityController,index,auth_or_public:resource
POST,/rest_opportunities,RestOpportunityController,store,auth_or_public:resource
GET,/rest_opportunities/{id},RestOpportunityController,show,auth_or_public:resource
PUT,/rest_opportunities/{id},RestOpportunityController,update,auth_or_public:resource
PATCH,/rest_opportunities/{id},RestOpportunityController,update,auth_or_public:resource
DELETE,/rest_opportunities/{id},RestOpportunityController,destroy,auth_or_public:resource
GET,/rest_bd_opportunities,RestBdOpportunityController,index,auth_or_public:resource
POST,/rest_bd_opportunities,RestBdOpportunityController,store,auth_or_public:resource
GET,/rest_bd_opportunities/{id},RestBdOpportunityController,show,auth_or_public:resource
PUT,/rest_bd_opportunities/{id},RestBdOpportunityController,update,auth_or_public:resource
PATCH,/rest_bd_opportunities/{id},RestBdOpportunityController,update,auth_or_public:resource
DELETE,/rest_bd_opportunities/{id},RestBdOpportunityController,destroy,auth_or_public:resource
GET,/bd_opportunities,NewBdOpportunityController,index,auth_or_public:resource
POST,/bd_opportunities,NewBdOpportunityController,store,auth_or_public:resource
GET,/bd_opportunities/{id},NewBdOpportunityController,show,auth_or_public:resource
PUT,/bd_opportunities/{id},NewBdOpportunityController,update,auth_or_public:resource
PATCH,/bd_opportunities/{id},NewBdOpportunityController,update,auth_or_public:resource
DELETE,/bd_opportunities/{id},NewBdOpportunityController,destroy,auth_or_public:resource
GET,/rest_opportunities_columns,OpportunityColumnController,index,auth_or_public:resource
POST,/rest_opportunities_columns,OpportunityColumnController,store,auth_or_public:resource
GET,/rest_opportunities_columns/{id},OpportunityColumnController,show,auth_or_public:resource
PUT,/rest_opportunities_columns/{id},OpportunityColumnController,update,auth_or_public:resource
PATCH,/rest_opportunities_columns/{id},OpportunityColumnController,update,auth_or_public:resource
DELETE,/rest_opportunities_columns/{id},OpportunityColumnController,destroy,auth_or_public:resource
GET,/rest_addfield_opportunities,AdditionalFieldOpportunityController,index,auth_or_public:resource
POST,/rest_addfield_opportunities,AdditionalFieldOpportunityController,store,auth_or_public:resource
GET,/rest_addfield_opportunities/{id},AdditionalFieldOpportunityController,show,auth_or_public:resource
PUT,/rest_addfield_opportunities/{id},AdditionalFieldOpportunityController,update,auth_or_public:resource
PATCH,/rest_addfield_opportunities/{id},AdditionalFieldOpportunityController,update,auth_or_public:resource
DELETE,/rest_addfield_opportunities/{id},AdditionalFieldOpportunityController,destroy,auth_or_public:resource
GET,/rest_itineraries_tour,TourItineraryController,index,auth_or_public:resource
POST,/rest_itineraries_tour,TourItineraryController,store,auth_or_public:resource
GET,/rest_itineraries_tour/{id},TourItineraryController,show,auth_or_public:resource
PUT,/rest_itineraries_tour/{id},TourItineraryController,update,auth_or_public:resource
PATCH,/rest_itineraries_tour/{id},TourItineraryController,update,auth_or_public:resource
DELETE,/rest_itineraries_tour/{id},TourItineraryController,destroy,auth_or_public:resource
GET,/rest_itineraries,ItineraryController,index,auth_or_public:resource
POST,/rest_itineraries,ItineraryController,store,auth_or_public:resource
GET,/rest_itineraries/{id},ItineraryController,show,auth_or_public:resource
PUT,/rest_itineraries/{id},ItineraryController,update,auth_or_public:resource
PATCH,/rest_itineraries/{id},ItineraryController,update,auth_or_public:resource
DELETE,/rest_itineraries/{id},ItineraryController,destroy,auth_or_public:resource
GET,/rest_itinerary_days,ItineraryDayController,index,auth_or_public:resource
POST,/rest_itinerary_days,ItineraryDayController,store,auth_or_public:resource
GET,/rest_itinerary_days/{id},ItineraryDayController,show,auth_or_public:resource
PUT,/rest_itinerary_days/{id},ItineraryDayController,update,auth_or_public:resource
PATCH,/rest_itinerary_days/{id},ItineraryDayController,update,auth_or_public:resource
DELETE,/rest_itinerary_days/{id},ItineraryDayController,destroy,auth_or_public:resource
GET,/rest_itinerary_schedule_new,ScheduleItemController,index,auth_or_public:resource
POST,/rest_itinerary_schedule_new,ScheduleItemController,store,auth_or_public:resource
GET,/rest_itinerary_schedule_new/{id},ScheduleItemController,show,auth_or_public:resource
PUT,/rest_itinerary_schedule_new/{id},ScheduleItemController,update,auth_or_public:resource
PATCH,/rest_itinerary_schedule_new/{id},ScheduleItemController,update,auth_or_public:resource
DELETE,/rest_itinerary_schedule_new/{id},ScheduleItemController,destroy,auth_or_public:resource
GET,/rest_itinerary_categories,ItineraryCategoryController,index,auth_or_public:resource
POST,/rest_itinerary_categories,ItineraryCategoryController,store,auth_or_public:resource
GET,/rest_itinerary_categories/{id},ItineraryCategoryController,show,auth_or_public:resource
PUT,/rest_itinerary_categories/{id},ItineraryCategoryController,update,auth_or_public:resource
PATCH,/rest_itinerary_categories/{id},ItineraryCategoryController,update,auth_or_public:resource
DELETE,/rest_itinerary_categories/{id},ItineraryCategoryController,destroy,auth_or_public:resource
GET,/rest_itinerary_sub_categories,ItinerarySubCategoryController,index,auth_or_public:resource
POST,/rest_itinerary_sub_categories,ItinerarySubCategoryController,store,auth_or_public:resource
GET,/rest_itinerary_sub_categories/{id},ItinerarySubCategoryController,show,auth_or_public:resource
PUT,/rest_itinerary_sub_categories/{id},ItinerarySubCategoryController,update,auth_or_public:resource
PATCH,/rest_itinerary_sub_categories/{id},ItinerarySubCategoryController,update,auth_or_public:resource
DELETE,/rest_itinerary_sub_categories/{id},ItinerarySubCategoryController,destroy,auth_or_public:resource
GET,/rest_itinerary_hotels_tour,TourItineraryHotelController,index,auth_or_public:resource
POST,/rest_itinerary_hotels_tour,TourItineraryHotelController,store,auth_or_public:resource
GET,/rest_itinerary_hotels_tour/{id},TourItineraryHotelController,show,auth_or_public:resource
PUT,/rest_itinerary_hotels_tour/{id},TourItineraryHotelController,update,auth_or_public:resource
PATCH,/rest_itinerary_hotels_tour/{id},TourItineraryHotelController,update,auth_or_public:resource
DELETE,/rest_itinerary_hotels_tour/{id},TourItineraryHotelController,destroy,auth_or_public:resource
GET,/rest_itinerary_schedule_tour,TourScheduleItemController,index,auth_or_public:resource
POST,/rest_itinerary_schedule_tour,TourScheduleItemController,store,auth_or_public:resource
GET,/rest_itinerary_schedule_tour/{id},TourScheduleItemController,show,auth_or_public:resource
PUT,/rest_itinerary_schedule_tour/{id},TourScheduleItemController,update,auth_or_public:resource
PATCH,/rest_itinerary_schedule_tour/{id},TourScheduleItemController,update,auth_or_public:resource
DELETE,/rest_itinerary_schedule_tour/{id},TourScheduleItemController,destroy,auth_or_public:resource
GET,/rest_proforma_invoices,ProformaInvoiceController,index,auth_or_public:resource
POST,/rest_proforma_invoices,ProformaInvoiceController,store,auth_or_public:resource
GET,/rest_proforma_invoices/{id},ProformaInvoiceController,show,auth_or_public:resource
PUT,/rest_proforma_invoices/{id},ProformaInvoiceController,update,auth_or_public:resource
PATCH,/rest_proforma_invoices/{id},ProformaInvoiceController,update,auth_or_public:resource
DELETE,/rest_proforma_invoices/{id},ProformaInvoiceController,destroy,auth_or_public:resource
GET,/rest_tasks_views,TaskViewController,index,auth_or_public:resource
POST,/rest_tasks_views,TaskViewController,store,auth_or_public:resource
GET,/rest_tasks_views/{id},TaskViewController,show,auth_or_public:resource
PUT,/rest_tasks_views/{id},TaskViewController,update,auth_or_public:resource
PATCH,/rest_tasks_views/{id},TaskViewController,update,auth_or_public:resource
DELETE,/rest_tasks_views/{id},TaskViewController,destroy,auth_or_public:resource
GET,/rest_files,RestFileController,index,auth_or_public:resource
POST,/rest_files,RestFileController,store,auth_or_public:resource
GET,/rest_files/{id},RestFileController,show,auth_or_public:resource
PUT,/rest_files/{id},RestFileController,update,auth_or_public:resource
PATCH,/rest_files/{id},RestFileController,update,auth_or_public:resource
DELETE,/rest_files/{id},RestFileController,destroy,auth_or_public:resource
GET,/rest_share_files,RestShareController,index,auth_or_public:resource
POST,/rest_share_files,RestShareController,store,auth_or_public:resource
GET,/rest_share_files/{id},RestShareController,show,auth_or_public:resource
PUT,/rest_share_files/{id},RestShareController,update,auth_or_public:resource
PATCH,/rest_share_files/{id},RestShareController,update,auth_or_public:resource
DELETE,/rest_share_files/{id},RestShareController,destroy,auth_or_public:resource
GET,/rest_file_folders,RestFileFolderController,index,auth_or_public:resource
POST,/rest_file_folders,RestFileFolderController,store,auth_or_public:resource
GET,/rest_file_folders/{id},RestFileFolderController,show,auth_or_public:resource
PUT,/rest_file_folders/{id},RestFileFolderController,update,auth_or_public:resource
PATCH,/rest_file_folders/{id},RestFileFolderController,update,auth_or_public:resource
DELETE,/rest_file_folders/{id},RestFileFolderController,destroy,auth_or_public:resource
GET,/rest_itineraries_new,ItinerarynewController,index,auth_or_public:resource
POST,/rest_itineraries_new,ItinerarynewController,store,auth_or_public:resource
GET,/rest_itineraries_new/{id},ItinerarynewController,show,auth_or_public:resource
PUT,/rest_itineraries_new/{id},ItinerarynewController,update,auth_or_public:resource
PATCH,/rest_itineraries_new/{id},ItinerarynewController,update,auth_or_public:resource
DELETE,/rest_itineraries_new/{id},ItinerarynewController,destroy,auth_or_public:resource
GET,/rest_profiles,RestProfileController,index,auth_or_public:resource
POST,/rest_profiles,RestProfileController,store,auth_or_public:resource
GET,/rest_profiles/{id},RestProfileController,show,auth_or_public:resource
PUT,/rest_profiles/{id},RestProfileController,update,auth_or_public:resource
PATCH,/rest_profiles/{id},RestProfileController,update,auth_or_public:resource
DELETE,/rest_profiles/{id},RestProfileController,destroy,auth_or_public:resource
GET,/rest_header_footers,HeaderFooterController,index,auth_or_public:resource
POST,/rest_header_footers,HeaderFooterController,store,auth_or_public:resource
GET,/rest_header_footers/{id},HeaderFooterController,show,auth_or_public:resource
PUT,/rest_header_footers/{id},HeaderFooterController,update,auth_or_public:resource
PATCH,/rest_header_footers/{id},HeaderFooterController,update,auth_or_public:resource
DELETE,/rest_header_footers/{id},HeaderFooterController,destroy,auth_or_public:resource
GET,/rest_addfield_accounts,AdditionalFieldAccountController,index,auth_or_public:resource
POST,/rest_addfield_accounts,AdditionalFieldAccountController,store,auth_or_public:resource
GET,/rest_addfield_accounts/{id},AdditionalFieldAccountController,show,auth_or_public:resource
PUT,/rest_addfield_accounts/{id},AdditionalFieldAccountController,update,auth_or_public:resource
PATCH,/rest_addfield_accounts/{id},AdditionalFieldAccountController,update,auth_or_public:resource
DELETE,/rest_addfield_accounts/{id},AdditionalFieldAccountController,destroy,auth_or_public:resource
GET,/rest_addfield_contacts,AdditionalFieldContactController,index,auth_or_public:resource
POST,/rest_addfield_contacts,AdditionalFieldContactController,store,auth_or_public:resource
GET,/rest_addfield_contacts/{id},AdditionalFieldContactController,show,auth_or_public:resource
PUT,/rest_addfield_contacts/{id},AdditionalFieldContactController,update,auth_or_public:resource
PATCH,/rest_addfield_contacts/{id},AdditionalFieldContactController,update,auth_or_public:resource
DELETE,/rest_addfield_contacts/{id},AdditionalFieldContactController,destroy,auth_or_public:resource
GET,/rest_addfield_suppliers,AdditionalFieldSupplierController,index,auth_or_public:resource
POST,/rest_addfield_suppliers,AdditionalFieldSupplierController,store,auth_or_public:resource
GET,/rest_addfield_suppliers/{id},AdditionalFieldSupplierController,show,auth_or_public:resource
PUT,/rest_addfield_suppliers/{id},AdditionalFieldSupplierController,update,auth_or_public:resource
PATCH,/rest_addfield_suppliers/{id},AdditionalFieldSupplierController,update,auth_or_public:resource
DELETE,/rest_addfield_suppliers/{id},AdditionalFieldSupplierController,destroy,auth_or_public:resource
GET,/rest_addfield_personal_accounts,AdditionalFieldPersonalAccountController,index,auth_or_public:resource
POST,/rest_addfield_personal_accounts,AdditionalFieldPersonalAccountController,store,auth_or_public:resource
GET,/rest_addfield_personal_accounts/{id},AdditionalFieldPersonalAccountController,show,auth_or_public:resource
PUT,/rest_addfield_personal_accounts/{id},AdditionalFieldPersonalAccountController,update,auth_or_public:resource
PATCH,/rest_addfield_personal_accounts/{id},AdditionalFieldPersonalAccountController,update,auth_or_public:resource
DELETE,/rest_addfield_personal_accounts/{id},AdditionalFieldPersonalAccountController,destroy,auth_or_public:resource
GET,/rest_addfield_leads,AdditionalFieldLeadController,index,auth_or_public:resource
POST,/rest_addfield_leads,AdditionalFieldLeadController,store,auth_or_public:resource
GET,/rest_addfield_leads/{id},AdditionalFieldLeadController,show,auth_or_public:resource
PUT,/rest_addfield_leads/{id},AdditionalFieldLeadController,update,auth_or_public:resource
PATCH,/rest_addfield_leads/{id},AdditionalFieldLeadController,update,auth_or_public:resource
DELETE,/rest_addfield_leads/{id},AdditionalFieldLeadController,destroy,auth_or_public:resource
GET,/rest_reports,RestReportController,index,auth_or_public:resource
POST,/rest_reports,RestReportController,store,auth_or_public:resource
GET,/rest_reports/{id},RestReportController,show,auth_or_public:resource
PUT,/rest_reports/{id},RestReportController,update,auth_or_public:resource
PATCH,/rest_reports/{id},RestReportController,update,auth_or_public:resource
DELETE,/rest_reports/{id},RestReportController,destroy,auth_or_public:resource
GET,/rest_folders_list,ReportFolderListController,index,auth_or_public:resource
POST,/rest_folders_list,ReportFolderListController,store,auth_or_public:resource
GET,/rest_folders_list/{id},ReportFolderListController,show,auth_or_public:resource
PUT,/rest_folders_list/{id},ReportFolderListController,update,auth_or_public:resource
PATCH,/rest_folders_list/{id},ReportFolderListController,update,auth_or_public:resource
DELETE,/rest_folders_list/{id},ReportFolderListController,destroy,auth_or_public:resource
GET,/rest_folders,ReportFolderController,index,auth_or_public:resource
POST,/rest_folders,ReportFolderController,store,auth_or_public:resource
GET,/rest_folders/{id},ReportFolderController,show,auth_or_public:resource
PUT,/rest_folders/{id},ReportFolderController,update,auth_or_public:resource
PATCH,/rest_folders/{id},ReportFolderController,update,auth_or_public:resource
DELETE,/rest_folders/{id},ReportFolderController,destroy,auth_or_public:resource
GET,/rest_accounts_m,RestAccountMobileController,index,auth_or_public:resource
POST,/rest_accounts_m,RestAccountMobileController,store,auth_or_public:resource
GET,/rest_accounts_m/{id},RestAccountMobileController,show,auth_or_public:resource
PUT,/rest_accounts_m/{id},RestAccountMobileController,update,auth_or_public:resource
PATCH,/rest_accounts_m/{id},RestAccountMobileController,update,auth_or_public:resource
DELETE,/rest_accounts_m/{id},RestAccountMobileController,destroy,auth_or_public:resource
GET,/rest_file_folders_m,RestFileFolderMobileController,index,auth_or_public:resource
POST,/rest_file_folders_m,RestFileFolderMobileController,store,auth_or_public:resource
GET,/rest_file_folders_m/{id},RestFileFolderMobileController,show,auth_or_public:resource
PUT,/rest_file_folders_m/{id},RestFileFolderMobileController,update,auth_or_public:resource
PATCH,/rest_file_folders_m/{id},RestFileFolderMobileController,update,auth_or_public:resource
DELETE,/rest_file_folders_m/{id},RestFileFolderMobileController,destroy,auth_or_public:resource
GET,/rest_contacts_m,RestContactMobileController,index,auth_or_public:resource
POST,/rest_contacts_m,RestContactMobileController,store,auth_or_public:resource
GET,/rest_contacts_m/{id},RestContactMobileController,show,auth_or_public:resource
PUT,/rest_contacts_m/{id},RestContactMobileController,update,auth_or_public:resource
PATCH,/rest_contacts_m/{id},RestContactMobileController,update,auth_or_public:resource
DELETE,/rest_contacts_m/{id},RestContactMobileController,destroy,auth_or_public:resource
GET,/rest_opportunities_m,RestOpportunityMobileController,index,auth_or_public:resource
POST,/rest_opportunities_m,RestOpportunityMobileController,store,auth_or_public:resource
GET,/rest_opportunities_m/{id},RestOpportunityMobileController,show,auth_or_public:resource
PUT,/rest_opportunities_m/{id},RestOpportunityMobileController,update,auth_or_public:resource
PATCH,/rest_opportunities_m/{id},RestOpportunityMobileController,update,auth_or_public:resource
DELETE,/rest_opportunities_m/{id},RestOpportunityMobileController,destroy,auth_or_public:resource
GET,/rest_personal_accounts_m,RestPersonalAccountMobileController,index,auth_or_public:resource
POST,/rest_personal_accounts_m,RestPersonalAccountMobileController,store,auth_or_public:resource
GET,/rest_personal_accounts_m/{id},RestPersonalAccountMobileController,show,auth_or_public:resource
PUT,/rest_personal_accounts_m/{id},RestPersonalAccountMobileController,update,auth_or_public:resource
PATCH,/rest_personal_accounts_m/{id},RestPersonalAccountMobileController,update,auth_or_public:resource
DELETE,/rest_personal_accounts_m/{id},RestPersonalAccountMobileController,destroy,auth_or_public:resource
GET,/rest_leads_m,RestLeadMobileController,index,auth_or_public:resource
POST,/rest_leads_m,RestLeadMobileController,store,auth_or_public:resource
GET,/rest_leads_m/{id},RestLeadMobileController,show,auth_or_public:resource
PUT,/rest_leads_m/{id},RestLeadMobileController,update,auth_or_public:resource
PATCH,/rest_leads_m/{id},RestLeadMobileController,update,auth_or_public:resource
DELETE,/rest_leads_m/{id},RestLeadMobileController,destroy,auth_or_public:resource
GET,/rest_itinerary_hotels,ItineraryHotelController,index,auth_or_public:resource
POST,/rest_itinerary_hotels,ItineraryHotelController,store,auth_or_public:resource
GET,/rest_itinerary_hotels/{id},ItineraryHotelController,show,auth_or_public:resource
PUT,/rest_itinerary_hotels/{id},ItineraryHotelController,update,auth_or_public:resource
PATCH,/rest_itinerary_hotels/{id},ItineraryHotelController,update,auth_or_public:resource
DELETE,/rest_itinerary_hotels/{id},ItineraryHotelController,destroy,auth_or_public:resource
GET,/rest_addfield_leads,AdditionalFieldLeadController,index,auth_or_public:resource
POST,/rest_addfield_leads,AdditionalFieldLeadController,store,auth_or_public:resource
GET,/rest_addfield_leads/{id},AdditionalFieldLeadController,show,auth_or_public:resource
PUT,/rest_addfield_leads/{id},AdditionalFieldLeadController,update,auth_or_public:resource
PATCH,/rest_addfield_leads/{id},AdditionalFieldLeadController,update,auth_or_public:resource
DELETE,/rest_addfield_leads/{id},AdditionalFieldLeadController,destroy,auth_or_public:resource
GET,/rest_ratings,RestRatingController,index,auth_or_public:resource
POST,/rest_ratings,RestRatingController,store,auth_or_public:resource
GET,/rest_ratings/{id},RestRatingController,show,auth_or_public:resource
PUT,/rest_ratings/{id},RestRatingController,update,auth_or_public:resource
PATCH,/rest_ratings/{id},RestRatingController,update,auth_or_public:resource
DELETE,/rest_ratings/{id},RestRatingController,destroy,auth_or_public:resource
GET,/rest_industries,RestIndustryController,index,auth_or_public:resource
POST,/rest_industries,RestIndustryController,store,auth_or_public:resource
GET,/rest_industries/{id},RestIndustryController,show,auth_or_public:resource
PUT,/rest_industries/{id},RestIndustryController,update,auth_or_public:resource
PATCH,/rest_industries/{id},RestIndustryController,update,auth_or_public:resource
DELETE,/rest_industries/{id},RestIndustryController,destroy,auth_or_public:resource
GET,/rest_itinerary_flights,ItineraryFlightController,index,auth_or_public:resource
POST,/rest_itinerary_flights,ItineraryFlightController,store,auth_or_public:resource
GET,/rest_itinerary_flights/{id},ItineraryFlightController,show,auth_or_public:resource
PUT,/rest_itinerary_flights/{id},ItineraryFlightController,update,auth_or_public:resource
PATCH,/rest_itinerary_flights/{id},ItineraryFlightController,update,auth_or_public:resource
DELETE,/rest_itinerary_flights/{id},ItineraryFlightController,destroy,auth_or_public:resource
GET,/rest_user_itinerary_inclusions,UserItineraryInclusionController,index,auth_or_public:resource
POST,/rest_user_itinerary_inclusions,UserItineraryInclusionController,store,auth_or_public:resource
GET,/rest_user_itinerary_inclusions/{id},UserItineraryInclusionController,show,auth_or_public:resource
PUT,/rest_user_itinerary_inclusions/{id},UserItineraryInclusionController,update,auth_or_public:resource
PATCH,/rest_user_itinerary_inclusions/{id},UserItineraryInclusionController,update,auth_or_public:resource
DELETE,/rest_user_itinerary_inclusions/{id},UserItineraryInclusionController,destroy,auth_or_public:resource
GET,/rest_itinerary_flights_new,ItineraryFlightController,index,auth_or_public:resource
POST,/rest_itinerary_flights_new,ItineraryFlightController,store,auth_or_public:resource
GET,/rest_itinerary_flights_new/{id},ItineraryFlightController,show,auth_or_public:resource
PUT,/rest_itinerary_flights_new/{id},ItineraryFlightController,update,auth_or_public:resource
PATCH,/rest_itinerary_flights_new/{id},ItineraryFlightController,update,auth_or_public:resource
DELETE,/rest_itinerary_flights_new/{id},ItineraryFlightController,destroy,auth_or_public:resource
GET,/rest_destinations,RestDestinationController,index,auth_or_public:resource
POST,/rest_destinations,RestDestinationController,store,auth_or_public:resource
GET,/rest_destinations/{id},RestDestinationController,show,auth_or_public:resource
PUT,/rest_destinations/{id},RestDestinationController,update,auth_or_public:resource
PATCH,/rest_destinations/{id},RestDestinationController,update,auth_or_public:resource
DELETE,/rest_destinations/{id},RestDestinationController,destroy,auth_or_public:resource
GET,/rest_salutations,RestSalutationController,index,auth_or_public:resource
POST,/rest_salutations,RestSalutationController,store,auth_or_public:resource
GET,/rest_salutations/{id},RestSalutationController,show,auth_or_public:resource
PUT,/rest_salutations/{id},RestSalutationController,update,auth_or_public:resource
PATCH,/rest_salutations/{id},RestSalutationController,update,auth_or_public:resource
DELETE,/rest_salutations/{id},RestSalutationController,destroy,auth_or_public:resource
GET,/rest_lead_statuses,RestLeadStatusController,index,auth_or_public:resource
POST,/rest_lead_statuses,RestLeadStatusController,store,auth_or_public:resource
GET,/rest_lead_statuses/{id},RestLeadStatusController,show,auth_or_public:resource
PUT,/rest_lead_statuses/{id},RestLeadStatusController,update,auth_or_public:resource
PATCH,/rest_lead_statuses/{id},RestLeadStatusController,update,auth_or_public:resource
DELETE,/rest_lead_statuses/{id},RestLeadStatusController,destroy,auth_or_public:resource
GET,/rest_task_priorities,RestTaskPriorityController,index,auth_or_public:resource
POST,/rest_task_priorities,RestTaskPriorityController,store,auth_or_public:resource
GET,/rest_task_priorities/{id},RestTaskPriorityController,show,auth_or_public:resource
PUT,/rest_task_priorities/{id},RestTaskPriorityController,update,auth_or_public:resource
PATCH,/rest_task_priorities/{id},RestTaskPriorityController,update,auth_or_public:resource
DELETE,/rest_task_priorities/{id},RestTaskPriorityController,destroy,auth_or_public:resource
GET,/rest_sales_stages,RestSalesStageController,index,auth_or_public:resource
POST,/rest_sales_stages,RestSalesStageController,store,auth_or_public:resource
GET,/rest_sales_stages/{id},RestSalesStageController,show,auth_or_public:resource
PUT,/rest_sales_stages/{id},RestSalesStageController,update,auth_or_public:resource
PATCH,/rest_sales_stages/{id},RestSalesStageController,update,auth_or_public:resource
DELETE,/rest_sales_stages/{id},RestSalesStageController,destroy,auth_or_public:resource
GET,/rest_experiences,RestExperienceController,index,auth_or_public:resource
POST,/rest_experiences,RestExperienceController,store,auth_or_public:resource
GET,/rest_experiences/{id},RestExperienceController,show,auth_or_public:resource
PUT,/rest_experiences/{id},RestExperienceController,update,auth_or_public:resource
PATCH,/rest_experiences/{id},RestExperienceController,update,auth_or_public:resource
DELETE,/rest_experiences/{id},RestExperienceController,destroy,auth_or_public:resource
GET,/rest_opportunity_tags,RestOpportunityTagController,index,auth_or_public:resource
POST,/rest_opportunity_tags,RestOpportunityTagController,store,auth_or_public:resource
GET,/rest_opportunity_tags/{id},RestOpportunityTagController,show,auth_or_public:resource
PUT,/rest_opportunity_tags/{id},RestOpportunityTagController,update,auth_or_public:resource
PATCH,/rest_opportunity_tags/{id},RestOpportunityTagController,update,auth_or_public:resource
DELETE,/rest_opportunity_tags/{id},RestOpportunityTagController,destroy,auth_or_public:resource
GET,/rest_itinerary_inclusions,ItineraryInclusionController,index,auth_or_public:resource
POST,/rest_itinerary_inclusions,ItineraryInclusionController,store,auth_or_public:resource
GET,/rest_itinerary_inclusions/{id},ItineraryInclusionController,show,auth_or_public:resource
PUT,/rest_itinerary_inclusions/{id},ItineraryInclusionController,update,auth_or_public:resource
PATCH,/rest_itinerary_inclusions/{id},ItineraryInclusionController,update,auth_or_public:resource
DELETE,/rest_itinerary_inclusions/{id},ItineraryInclusionController,destroy,auth_or_public:resource
GET,/rest_task_statuses,RestTaskStatusController,index,auth_or_public:resource
POST,/rest_task_statuses,RestTaskStatusController,store,auth_or_public:resource
GET,/rest_task_statuses/{id},RestTaskStatusController,show,auth_or_public:resource
PUT,/rest_task_statuses/{id},RestTaskStatusController,update,auth_or_public:resource
PATCH,/rest_task_statuses/{id},RestTaskStatusController,update,auth_or_public:resource
DELETE,/rest_task_statuses/{id},RestTaskStatusController,destroy,auth_or_public:resource
GET,/rest_inclusions,RestInclusionController,index,auth_or_public:resource
POST,/rest_inclusions,RestInclusionController,store,auth_or_public:resource
GET,/rest_inclusions/{id},RestInclusionController,show,auth_or_public:resource
PUT,/rest_inclusions/{id},RestInclusionController,update,auth_or_public:resource
PATCH,/rest_inclusions/{id},RestInclusionController,update,auth_or_public:resource
DELETE,/rest_inclusions/{id},RestInclusionController,destroy,auth_or_public:resource
GET,/rest_source,RestSourceController,index,auth_or_public:resource
POST,/rest_source,RestSourceController,store,auth_or_public:resource
GET,/rest_source/{id},RestSourceController,show,auth_or_public:resource
PUT,/rest_source/{id},RestSourceController,update,auth_or_public:resource
PATCH,/rest_source/{id},RestSourceController,update,auth_or_public:resource
DELETE,/rest_source/{id},RestSourceController,destroy,auth_or_public:resource
GET,/rest_source_medium,RestSourceMediumController,index,auth_or_public:resource
POST,/rest_source_medium,RestSourceMediumController,store,auth_or_public:resource
GET,/rest_source_medium/{id},RestSourceMediumController,show,auth_or_public:resource
PUT,/rest_source_medium/{id},RestSourceMediumController,update,auth_or_public:resource
PATCH,/rest_source_medium/{id},RestSourceMediumController,update,auth_or_public:resource
DELETE,/rest_source_medium/{id},RestSourceMediumController,destroy,auth_or_public:resource
GET,/incentive,RestIncentiveCalculateController,index,auth_or_public:resource
POST,/incentive,RestIncentiveCalculateController,store,auth_or_public:resource
GET,/incentive/{id},RestIncentiveCalculateController,show,auth_or_public:resource
PUT,/incentive/{id},RestIncentiveCalculateController,update,auth_or_public:resource
PATCH,/incentive/{id},RestIncentiveCalculateController,update,auth_or_public:resource
DELETE,/incentive/{id},RestIncentiveCalculateController,destroy,auth_or_public:resource
